Date;Country Name;Country Code;Category;Change to baseline
2020-03-29;United Arab Emirates;AE;Retail & recreation;-55%
2020-03-29;United Arab Emirates;AE;Grocery & pharmacy;-26%
2020-03-29;United Arab Emirates;AE;Parks;-53%
2020-03-29;United Arab Emirates;AE;Transit stations;-69%
2020-03-29;United Arab Emirates;AE;Workplaces;-45%
2020-03-29;United Arab Emirates;AE;Residential;+26%
2020-03-29;Afghanistan;AF;Retail & recreation;-38%
2020-03-29;Afghanistan;AF;Grocery & pharmacy;-21%
2020-03-29;Afghanistan;AF;Parks;-13%
2020-03-29;Afghanistan;AF;Transit stations;-34%
2020-03-29;Afghanistan;AF;Workplaces;-33%
2020-03-29;Afghanistan;AF;Residential;+10%
2020-03-29;Antigua and Barbuda;AG;Retail & recreation;-46%
2020-03-29;Antigua and Barbuda;AG;Grocery & pharmacy;-21%
2020-03-29;Antigua and Barbuda;AG;Parks;-30%
2020-03-29;Antigua and Barbuda;AG;Transit stations;-67%
2020-03-29;Antigua and Barbuda;AG;Workplaces;-48%
2020-03-29;Antigua and Barbuda;AG;Residential ;+17%
2020-03-29;Angola;AO;Retail & recreation;-61%
2020-03-29;Angola;AO;Grocery & pharmacy;-40%
2020-03-29;Angola;AO;Parks;-39%
2020-03-29;Angola;AO;Transit stations;-57%
2020-03-29;Angola;AO;Workplaces;-11%
2020-03-29;Angola;AO;Residential;+22%
2020-03-29;Argentina;AR;Retail & recreation;-86%
2020-03-29;Argentina;AR;Grocery & pharmacy;-61%
2020-03-29;Argentina;AR;Parks;-89%
2020-03-29;Argentina;AR;Transit stations;-80%
2020-03-29;Argentina;AR;Workplaces;-57%
2020-03-29;Argentina;AR;Residential;+27%
2020-03-29;Austria;AT;Retail & recreation;-87%
2020-03-29;Austria;AT;Grocery & pharmacy;-64%
2020-03-29;Austria;AT;Parks;-43%
2020-03-29;Austria;AT;Transit stations;-71%
2020-03-29;Austria;AT;Workplaces;-51%
2020-03-29;Austria;AT;Residential;+14%
2020-03-29;Australia;AU;Retail & recreation;-45%
2020-03-29;Australia;AU;Grocery & pharmacy;-19%
2020-03-29;Australia;AU;Parks;-35%
2020-03-29;Australia;AU;Transit stations;-58%
2020-03-29;Australia;AU;Workplaces;-33%
2020-03-29;Australia;AU;Residential;+13%
2020-03-29;Aruba;AW;Retail & recreation;-88%
2020-03-29;Aruba;AW;Grocery & pharmacy;-66%
2020-03-29;Aruba;AW;Parks;-80%
2020-03-29;Aruba;AW;Transit stations;-88%
2020-03-29;Aruba;AW;Workplaces;-72%
2020-03-29;Aruba;AW;Residential;+20%
2020-03-29;Bosnia and Herzegovina;BA;Retail & recreation;-76%
2020-03-29;Bosnia and Herzegovina;BA;Grocery & pharmacy;-50%
2020-03-29;Bosnia and Herzegovina;BA;Parks;-22%
2020-03-29;Bosnia and Herzegovina;BA;Transit stations;-59%
2020-03-29;Bosnia and Herzegovina;BA;Workplaces;-50%
2020-03-29;Bosnia and Herzegovina;BA;Residential;+13%
2020-03-29;Barbados;BB;Retail & recreation;-70%
2020-03-29;Barbados;BB;Grocery & pharmacy;-47%
2020-03-29;Barbados;BB;Parks;-60%
2020-03-29;Barbados;BB;Transit stations;-77%
2020-03-29;Barbados;BB;Workplaces;-52%
2020-03-29;Barbados;BB;Residential;+15%
2020-03-29;Bangladesh;BD;Retail & recreation;-68%
2020-03-29;Bangladesh;BD;Grocery & pharmacy;-46%
2020-03-29;Bangladesh;BD;Parks;-26%
2020-03-29;Bangladesh;BD;Transit stations;-66%
2020-03-29;Bangladesh;BD;Workplaces;-60%
2020-03-29;Bangladesh;BD;Residential;+24%
2020-03-29;Belgium;BE;Retail & recreation;-84%
2020-03-29;Belgium;BE;Grocery & pharmacy;-53%
2020-03-29;Belgium;BE;Parks;-66%
2020-03-29;Belgium;BE;Transit stations;-76%
2020-03-29;Belgium;BE;Workplaces;-52%
2020-03-29;Belgium;BE;Residential;+17%
2020-03-29;Burkina Faso;BF;Retail & recreation;-34%
2020-03-29;Burkina Faso;BF;Grocery & pharmacy;-25%
2020-03-29;Burkina Faso;BF;Parks;-22%
2020-03-29;Burkina Faso;BF;Transit stations;-53%
2020-03-29;Burkina Faso;BF;Workplaces;-3%
2020-03-29;Burkina Faso;BF;Residential;+15%
2020-03-29;Bulgaria;BG;Retail & recreation;-66%
2020-03-29;Bulgaria;BG;Grocery & pharmacy;-36%
2020-03-29;Bulgaria;BG;Parks;-32%
2020-03-29;Bulgaria;BG;Transit stations;-58%
2020-03-29;Bulgaria;BG;Workplaces;-29%
2020-03-29;Bulgaria;BG;Residential;+11%
2020-03-29;Bahrain;BH;Retail & recreation;-45%
2020-03-29;Bahrain;BH;Grocery & pharmacy;-22%
2020-03-29;Bahrain;BH;Parks;-40%
2020-03-29;Bahrain;BH;Transit stations;-38%
2020-03-29;Bahrain;BH;Workplaces;-25%
2020-03-29;Bahrain;BH;Residential;+16%
2020-03-29;Benin;BJ;Retail & recreation;-16%
2020-03-29;Benin;BJ;Grocery & pharmacy;+0%
2020-03-29;Benin;BJ;Parks;+10%
2020-03-29;Benin;BJ;Transit stations;-14%
2020-03-29;Benin;BJ;Workplaces;+2%
2020-03-29;Benin;BJ;Residential;+5%
2020-03-29;Bolivia;BO;Retail & recreation;-93%
2020-03-29;Bolivia;BO;Grocery & pharmacy;-94%
2020-03-29;Bolivia;BO;Parks;-89%
2020-03-29;Bolivia;BO;Transit stations;-92%
2020-03-29;Bolivia;BO;Workplaces;-72%
2020-03-29;Bolivia;BO;Residential;+35%
2020-03-29;Brazil;BR;Retail & recreation;-71%
2020-03-29;Brazil;BR;Grocery & pharmacy;-35%
2020-03-29;Brazil;BR;Parks;-70%
2020-03-29;Brazil;BR;Transit stations;-62%
2020-03-29;Brazil;BR;Workplaces;-34%
2020-03-29;Brazil;BR;Residential;+17%
2020-03-29;The Bahamas;BS;Retail & recreation;-67%
2020-03-29;The Bahamas;BS;Grocery & pharmacy;-34%
2020-03-29;The Bahamas;BS;Parks;-48%
2020-03-29;The Bahamas;BS;Transit stations;-87%
2020-03-29;The Bahamas;BS;Workplaces;-52%
2020-03-29;The Bahamas;BS;Residential;+19%
2020-03-29;Botswana;BW;Retail & recreation;-12%
2020-03-29;Botswana;BW;Grocery & pharmacy;-2%
2020-03-29;Botswana;BW;Parks;+7%
2020-03-29;Botswana;BW;Transit stations;-20%
2020-03-29;Botswana;BW;Workplaces;-3%
2020-03-29;Botswana;BW;Residential;+13%
2020-03-29;Belarus;BY;Retail & recreation;-14%
2020-03-29;Belarus;BY;Grocery & pharmacy;+5%
2020-03-29;Belarus;BY;Parks;+41%
2020-03-29;Belarus;BY;Transit stations;-7%
2020-03-29;Belarus;BY;Workplaces;+3%
2020-03-29;Belarus;BY;Residential;-2%
2020-03-29;Belize;BZ;Retail & recreation;-63%
2020-03-29;Belize;BZ;Grocery & pharmacy;-49%
2020-03-29;Belize;BZ;Parks;-38%
2020-03-29;Belize;BZ;Transit stations;-68%
2020-03-29;Belize;BZ;Workplaces;-42%
2020-03-29;Belize;BZ;Residential;+13%
2020-03-29;Canada;CA;Retail & recreation;-59%
2020-03-29;Canada;CA;Grocery & pharmacy;-35%
2020-03-29;Canada;CA;Parks;-16%
2020-03-29;Canada;CA;Transit stations;-66%
2020-03-29;Canada;CA;Workplaces;-44%
2020-03-29;Canada;CA;Residential;+14%
2020-03-29;Switzerland;CH;Retail & recreation;-81%
2020-03-29;Switzerland;CH;Grocery & pharmacy;-51%
2020-03-29;Switzerland;CH;Parks;-41%
2020-03-29;Switzerland;CH;Transit stations;-68%
2020-03-29;Switzerland;CH;Workplaces;-46%
2020-03-29;Switzerland;CH;Residential;+15%
2020-03-29;Côte d'Ivoire;CI;Retail & recreation;-35%
2020-03-29;Côte d'Ivoire;CI;Grocery & pharmacy;-21%
2020-03-29;Côte d'Ivoire;CI;Parks;-21%
2020-03-29;Côte d'Ivoire;CI;Transit stations;-33%
2020-03-29;Côte d'Ivoire;CI;Workplaces;-9%
2020-03-29;Côte d'Ivoire;CI;Residential;+14%
2020-03-29;Chile;CL;Retail & recreation;-73%
2020-03-29;Chile;CL;Grocery & pharmacy;-55%
2020-03-29;Chile;CL;Parks;-72%
2020-03-29;Chile;CL;Transit stations;-64%
2020-03-29;Chile;CL;Workplaces;-42%
2020-03-29;Chile;CL;Residential;+24%
2020-03-29;Cameroon;CM;Retail & recreation;-26%
2020-03-29;Cameroon;CM;Grocery & pharmacy;-20%
2020-03-29;Cameroon;CM;Parks;-19%
2020-03-29;Cameroon;CM;Transit stations;-23%
2020-03-29;Cameroon;CM;Workplaces;-3%
2020-03-29;Cameroon;CM;Residential;+9%
2020-03-29;Colombia;CO;Retail & recreation;-86%
2020-03-29;Colombia;CO;Grocery & pharmacy;-68%
2020-03-29;Colombia;CO;Parks;-80%
2020-03-29;Colombia;CO;Transit stations;-82%
2020-03-29;Colombia;CO;Workplaces;-58%
2020-03-29;Colombia;CO;Residential;+26%
2020-03-29;Costa Rica;CR;Retail & recreation;-68%
2020-03-29;Costa Rica;CR;Grocery & pharmacy;-41%
2020-03-29;Costa Rica;CR;Parks;-71%
2020-03-29;Costa Rica;CR;Transit stations;-68%
2020-03-29;Costa Rica;CR;Workplaces;-39%
2020-03-29;Costa Rica;CR;Residential;+21%
2020-03-29;Cape Verde;CV;Retail & recreation;-60%
2020-03-29;Cape Verde;CV;Grocery & pharmacy;-48%
2020-03-29;Cape Verde;CV;Parks;-57%
2020-03-29;Cape Verde;CV;Transit stations;-88%
2020-03-29;Cape Verde;CV;Workplaces;-40%
2020-03-29;Cape Verde;CV;Residential;+19%
2020-03-29;Czechia;CZ;Retail & recreation;-73%
2020-03-29;Czechia;CZ;Grocery & pharmacy;-26%
2020-03-29;Czechia;CZ;Parks;-24%
2020-03-29;Czechia;CZ;Transit stations;-61%
2020-03-29;Czechia;CZ;Workplaces;-31%
2020-03-29;Czechia;CZ;Residential;+11%
2020-03-29;Germany;DE;Retail & recreation;-77%
2020-03-29;Germany;DE;Grocery & pharmacy;-51%
2020-03-29;Germany;DE;Parks;-49%
2020-03-29;Germany;DE;Transit stations;-68%
2020-03-29;Germany;DE;Workplaces;-39%
2020-03-29;Germany;DE;Residential;+11%
2020-03-29;Denmark;DK;Retail & recreation;-37%
2020-03-29;Denmark;DK;Grocery & pharmacy;-22%
2020-03-29;Denmark;DK;Parks;+35%
2020-03-29;Denmark;DK;Transit stations;-60%
2020-03-29;Denmark;DK;Workplaces;-28%
2020-03-29;Denmark;DK;Residential;+9%
2020-03-29;Dominican Republic;DO;Retail & recreation;-80%
2020-03-29;Dominican Republic;DO;Grocery & pharmacy;-63%
2020-03-29;Dominican Republic;DO;Parks;-73%
2020-03-29;Dominican Republic;DO;Transit stations;-84%
2020-03-29;Dominican Republic;DO;Workplaces;-56%
2020-03-29;Dominican Republic;DO;Residential;+23%
2020-03-29;Ecuador;EC;Retail & recreation;-84%
2020-03-29;Ecuador;EC;Grocery & pharmacy;-66%
2020-03-29;Ecuador;EC;Parks;-80%
2020-03-29;Ecuador;EC;Transit stations;-80%
2020-03-29;Ecuador;EC;Workplaces;-61%
2020-03-29;Ecuador;EC;Residential;+26%
2020-03-29;Estonia;EE;Retail & recreation;-60%
2020-03-29;Estonia;EE;Grocery & pharmacy;-28%
2020-03-29;Estonia;EE;Parks;+4%
2020-03-29;Estonia;EE;Transit stations;-51%
2020-03-29;Estonia;EE;Workplaces;-32%
2020-03-29;Estonia;EE;Residential;+10%
2020-03-29;Egypt;EG;Retail & recreation;-50%
2020-03-29;Egypt;EG;Grocery & pharmacy;-24%
2020-03-29;Egypt;EG;Parks;-40%
2020-03-29;Egypt;EG;Transit stations;-52%
2020-03-29;Egypt;EG;Workplaces;-35%
2020-03-29;Egypt;EG;Residential;+15%
2020-03-29;Spain;ES;Retail & recreation;-94%
2020-03-29;Spain;ES;Grocery & pharmacy;-76%
2020-03-29;Spain;ES;Parks;-89%
2020-03-29;Spain;ES;Transit stations;-88%
2020-03-29;Spain;ES;Workplaces;-64%
2020-03-29;Spain;ES;Residential;+22%
2020-03-29;Finland;FI;Retail & recreation;-52%
2020-03-29;Finland;FI;Grocery & pharmacy;-21%
2020-03-29;Finland;FI;Parks;+48%
2020-03-29;Finland;FI;Transit stations;-59%
2020-03-29;Finland;FI;Workplaces;-25%
2020-03-29;Finland;FI;Residential;+9%
2020-03-29;Fiji;FJ;Retail & recreation;-39%
2020-03-29;Fiji;FJ;Grocery & pharmacy;-25%
2020-03-29;Fiji;FJ;Parks;-13%
2020-03-29;Fiji;FJ;Transit stations;-59%
2020-03-29;Fiji;FJ;Workplaces;-6%
2020-03-29;Fiji;FJ;Residential;+12%
2020-03-29;France;FR;Retail & recreation;-88%
2020-03-29;France;FR;Grocery & pharmacy;-72%
2020-03-29;France;FR;Parks;-82%
2020-03-29;France;FR;Transit stations;-87%
2020-03-29;France;FR;Workplaces;-56%
2020-03-29;France;FR;Residential;+18%
2020-03-29;Gabon;GA;Retail & recreation;-39%
2020-03-29;Gabon;GA;Grocery & pharmacy;-24%
2020-03-29;Gabon;GA;Parks;-25%
2020-03-29;Gabon;GA;Transit stations;-47%
2020-03-29;Gabon;GA;Workplaces;-15%
2020-03-29;Gabon;GA;Residential;+15%
2020-03-29;United Kingdom;GB;Retail & recreation;-85%
2020-03-29;United Kingdom;GB;Grocery & pharmacy;-46%
2020-03-29;United Kingdom;GB;Parks;-52%
2020-03-29;United Kingdom;GB;Transit stations;-75%
2020-03-29;United Kingdom;GB;Workplaces;-55%
2020-03-29;United Kingdom;GB;Residential;+15%
2020-03-29;Georgia;GE;Retail & recreation;-67%
2020-03-29;Georgia;GE;Grocery & pharmacy;-36%
2020-03-29;Georgia;GE;Parks;-24%
2020-03-29;Georgia;GE;Transit stations;-53%
2020-03-29;Georgia;GE;Workplaces;-38%
2020-03-29;Georgia;GE;Residential;+12%
2020-03-29;Ghana;GH;Retail & recreation;-15%
2020-03-29;Ghana;GH;Grocery & pharmacy;+8%
2020-03-29;Ghana;GH;Parks;-15%
2020-03-29;Ghana;GH;Transit stations;-15%
2020-03-29;Ghana;GH;Workplaces;+3%
2020-03-29;Ghana;GH;Residential;+9%
2020-03-29;Greece;GR;Retail & recreation;-80%
2020-03-29;Greece;GR;Grocery & pharmacy;-41%
2020-03-29;Greece;GR;Parks;-55%
2020-03-29;Greece;GR;Transit stations;-76%
2020-03-29;Greece;GR;Workplaces;-53%
2020-03-29;Greece;GR;Residential;+20%
2020-03-29;Guatemala;GT;Retail & recreation;-67%
2020-03-29;Guatemala;GT;Grocery & pharmacy;-39%
2020-03-29;Guatemala;GT;Parks;-53%
2020-03-29;Guatemala;GT;Transit stations;-69%
2020-03-29;Guatemala;GT;Workplaces;-39%
2020-03-29;Guatemala;GT;Residential;+19%
2020-03-29;Guinea-Bissau;GW;Retail & recreation;-50%
2020-03-29;Guinea-Bissau;GW;Grocery & pharmacy ;-11%
2020-03-29;Guinea-Bissau;GW;Parks ;-25%
2020-03-29;Guinea-Bissau;GW;Transit stations ;Not enough data for this date
2020-03-29;Guinea-Bissau;GW;Workplaces;-27%
2020-03-29;Guinea-Bissau;GW;Residential ;Not enough data for this date
2020-03-29;Hong Kong;HK;Retail & recreation;-35%
2020-03-29;Hong Kong;HK;Grocery & pharmacy;-7%
2020-03-29;Hong Kong;HK;Parks;-43%
2020-03-29;Hong Kong;HK;Transit stations;-45%
2020-03-29;Hong Kong;HK;Workplaces;-24%
2020-03-29;Hong Kong;HK;Residential;+16%
2020-03-29;Honduras;HN;Retail & recreation;-81%
2020-03-29;Honduras;HN;Grocery & pharmacy;-64%
2020-03-29;Honduras;HN;Parks;-59%
2020-03-29;Honduras;HN;Transit stations;-74%
2020-03-29;Honduras;HN;Workplaces;-46%
2020-03-29;Honduras;HN;Residential;+20%
2020-03-29;Croatia;HR;Retail & recreation;-82%
2020-03-29;Croatia;HR;Grocery & pharmacy;-57%
2020-03-29;Croatia;HR;Parks;-45%
2020-03-29;Croatia;HR;Transit stations;-74%
2020-03-29;Croatia;HR;Workplaces;-50%
2020-03-29;Croatia;HR;Residential;+15%
2020-03-29;Haiti;HT;Retail & recreation;-34%
2020-03-29;Haiti;HT;Grocery & pharmacy;-31%
2020-03-29;Haiti;HT;Parks;-19%
2020-03-29;Haiti;HT;Transit stations;-48%
2020-03-29;Haiti;HT;Workplaces;-14%
2020-03-29;Haiti;HT;Residential;+7%
2020-03-29;Hungary;HU;Retail & recreation;-66%
2020-03-29;Hungary;HU;Grocery & pharmacy;-43%
2020-03-29;Hungary;HU;Parks;-7%
2020-03-29;Hungary;HU;Transit stations;-53%
2020-03-29;Hungary;HU;Workplaces;-32%
2020-03-29;Hungary;HU;Residential;+10%
2020-03-29;Indonesia;ID;Retail & recreation;-47%
2020-03-29;Indonesia;ID;Grocery & pharmacy;-27%
2020-03-29;Indonesia;ID;Parks;-52%
2020-03-29;Indonesia;ID;Transit stations;-54%
2020-03-29;Indonesia;ID;Workplaces;-15%
2020-03-29;Indonesia;ID;Residential;+15%
2020-03-29;Ireland;IE;Retail & recreation;-83%
2020-03-29;Ireland;IE;Grocery & pharmacy;-37%
2020-03-29;Ireland;IE;Parks;-59%
2020-03-29;Ireland;IE;Transit stations;-78%
2020-03-29;Ireland;IE;Workplaces;-52%
2020-03-29;Ireland;IE;Residential;+19%
2020-03-29;Israel;IL;Retail & recreation;-67%
2020-03-29;Israel;IL;Grocery & pharmacy;-13%
2020-03-29;Israel;IL;Parks;-56%
2020-03-29;Israel;IL;Transit stations;-61%
2020-03-29;Israel;IL;Workplaces;-59%
2020-03-29;Israel;IL;Residential;+30%
2020-03-29;India;IN;Retail & recreation;-77%
2020-03-29;India;IN;Grocery & pharmacy;-65%
2020-03-29;India;IN;Parks;-57%
2020-03-29;India;IN;Transit stations;-71%
2020-03-29;India;IN;Workplaces;-47%
2020-03-29;India;IN;Residential;+22%
2020-03-29;Iraq;IQ;Retail & recreation;-64%
2020-03-29;Iraq;IQ;Grocery & pharmacy;-42%
2020-03-29;Iraq;IQ;Parks;-48%
2020-03-29;Iraq;IQ;Transit stations;-61%
2020-03-29;Iraq;IQ;Workplaces;-55%
2020-03-29;Iraq;IQ;Residential;+21%
2020-03-29;Italy;IT;Retail & recreation;-94%
2020-03-29;Italy;IT;Grocery & pharmacy;-85%
2020-03-29;Italy;IT;Parks;-90%
2020-03-29;Italy;IT;Transit stations;-87%
2020-03-29;Italy;IT;Workplaces;-63%
2020-03-29;Italy;IT;Residential;+24%
2020-03-29;Jamaica;JM;Retail & recreation;-53%
2020-03-29;Jamaica;JM;Grocery & pharmacy;-36%
2020-03-29;Jamaica;JM;Parks;-50%
2020-03-29;Jamaica;JM;Transit stations;-50%
2020-03-29;Jamaica;JM;Workplaces;-29%
2020-03-29;Jamaica;JM;Residential;+12%
2020-03-29;Jordan;JO;Retail & recreation;-74%
2020-03-29;Jordan;JO;Grocery & pharmacy;-52%
2020-03-29;Jordan;JO;Parks;-59%
2020-03-29;Jordan;JO;Transit stations;-89%
2020-03-29;Jordan;JO;Workplaces;-73%
2020-03-29;Jordan;JO;Residential;+27%
2020-03-29;Japan;JP;Retail & recreation;-26%
2020-03-29;Japan;JP;Grocery & pharmacy;-7%
2020-03-29;Japan;JP;Parks;-25%
2020-03-29;Japan;JP;Transit stations;-41%
2020-03-29;Japan;JP;Workplaces;-9%
2020-03-29;Japan;JP;Residential;+7%
2020-03-29;Kenya;KE;Retail & recreation;-45%
2020-03-29;Kenya;KE;Grocery & pharmacy;-33%
2020-03-29;Kenya;KE;Parks;-20%
2020-03-29;Kenya;KE;Transit stations;-39%
2020-03-29;Kenya;KE;Workplaces;-22%
2020-03-29;Kenya;KE;Residential;+17%
2020-03-29;Kyrgyzstan;KG;Retail & recreation;-74%
2020-03-29;Kyrgyzstan;KG;Grocery & pharmacy;-64%
2020-03-29;Kyrgyzstan;KG;Parks;-32%
2020-03-29;Kyrgyzstan;KG;Transit stations;-70%
2020-03-29;Kyrgyzstan;KG;Workplaces;-43%
2020-03-29;Kyrgyzstan;KG;Residential;+15%
2020-03-29;Cambodia;KH;Retail & recreation;-43%
2020-03-29;Cambodia;KH;Grocery & pharmacy;-29%
2020-03-29;Cambodia;KH;Parks;-31%
2020-03-29;Cambodia;KH;Transit stations;-57%
2020-03-29;Cambodia;KH;Workplaces;-15%
2020-03-29;Cambodia;KH;Residential;+12%
2020-03-29;South Korea;KR;Retail & recreation;-19%
2020-03-29;South Korea;KR;Grocery & pharmacy;+11%
2020-03-29;South Korea;KR;Parks;+51%
2020-03-29;South Korea;KR;Transit stations;-17%
2020-03-29;South Korea;KR;Workplaces;-12%
2020-03-29;South Korea;KR;Residential;+6%
2020-03-29;Kuwait;KW;Retail & recreation;-56%
2020-03-29;Kuwait;KW;Grocery & pharmacy;-30%
2020-03-29;Kuwait;KW;Parks;-48%
2020-03-29;Kuwait;KW;Transit stations;-49%
2020-03-29;Kuwait;KW;Workplaces;-42%
2020-03-29;Kuwait;KW;Residential;+23%
2020-03-29;Kazakhstan;KZ;Retail & recreation;-45%
2020-03-29;Kazakhstan;KZ;Grocery & pharmacy;-24%
2020-03-29;Kazakhstan;KZ;Parks;-20%
2020-03-29;Kazakhstan;KZ;Transit stations;-32%
2020-03-29;Kazakhstan;KZ;Workplaces;-17%
2020-03-29;Kazakhstan;KZ;Residential;+9%
2020-03-29;Laos;LA;Retail & recreation;-45%
2020-03-29;Laos;LA;Grocery & pharmacy;-23%
2020-03-29;Laos;LA;Parks;-18%
2020-03-29;Laos;LA;Transit stations;-47%
2020-03-29;Laos;LA;Workplaces;-9%
2020-03-29;Laos;LA;Residential;+11%
2020-03-29;Lebanon;LB;Retail & recreation;-73%
2020-03-29;Lebanon;LB;Grocery & pharmacy;-48%
2020-03-29;Lebanon;LB;Parks;-59%
2020-03-29;Lebanon;LB;Transit stations;-84%
2020-03-29;Lebanon;LB;Workplaces;-41%
2020-03-29;Lebanon;LB;Residential;+15%
2020-03-29;Liechtenstein;LI;Retail & recreation;-90%
2020-03-29;Liechtenstein;LI;Grocery & pharmacy;-22%
2020-03-29;Liechtenstein;LI;Parks ;Not enough data for this date
2020-03-29;Liechtenstein;LI;Transit stations ;-58%
2020-03-29;Liechtenstein;LI;Workplaces ;-37%
2020-03-29;Liechtenstein;LI;Residential ;Not enough data for this date
2020-03-29;Sri Lanka;LK;Retail & recreation;-86%
2020-03-29;Sri Lanka;LK;Grocery & pharmacy;-87%
2020-03-29;Sri Lanka;LK;Parks;-57%
2020-03-29;Sri Lanka;LK;Transit stations;-78%
2020-03-29;Sri Lanka;LK;Workplaces;-50%
2020-03-29;Sri Lanka;LK;Residential;+32%
2020-03-29;Lithuania;LT;Retail & recreation;-72%
2020-03-29;Lithuania;LT;Grocery & pharmacy;-38%
2020-03-29;Lithuania;LT;Parks;-28%
2020-03-29;Lithuania;LT;Transit stations;-63%
2020-03-29;Lithuania;LT;Workplaces;-33%
2020-03-29;Lithuania;LT;Residential;+11%
2020-03-29;Luxembourg;LU;Retail & recreation;-90%
2020-03-29;Luxembourg;LU;Grocery & pharmacy;-70%
2020-03-29;Luxembourg;LU;Parks;-66%
2020-03-29;Luxembourg;LU;Transit stations;-78%
2020-03-29;Luxembourg;LU;Workplaces;-60%
2020-03-29;Luxembourg;LU;Residential;+23%
2020-03-29;Latvia;LV;Retail & recreation;-50%
2020-03-29;Latvia;LV;Grocery & pharmacy;-22%
2020-03-29;Latvia;LV;Parks;-18%
2020-03-29;Latvia;LV;Transit stations;-48%
2020-03-29;Latvia;LV;Workplaces;-25%
2020-03-29;Latvia;LV;Residential;+7%
2020-03-29;Libya;LY;Retail & recreation;-49%
2020-03-29;Libya;LY;Grocery & pharmacy;-28%
2020-03-29;Libya;LY;Parks;-32%
2020-03-29;Libya;LY;Transit stations;-52%
2020-03-29;Libya;LY;Workplaces;-36%
2020-03-29;Libya;LY;Residential;+21%
2020-03-29;Moldova;MD;Retail & recreation;-67%
2020-03-29;Moldova;MD;Grocery & pharmacy;-44%
2020-03-29;Moldova;MD;Parks;-43%
2020-03-29;Moldova;MD;Transit stations;-68%
2020-03-29;Moldova;MD;Workplaces;-37%
2020-03-29;Moldova;MD;Residential;+12%
2020-03-29;North Macedonia;MK;Retail & recreation;-74%
2020-03-29;North Macedonia;MK;Grocery & pharmacy;-41%
2020-03-29;North Macedonia;MK;Parks;-44%
2020-03-29;North Macedonia;MK;Transit stations;-69%
2020-03-29;North Macedonia;MK;Workplaces;-51%
2020-03-29;North Macedonia;MK;Residential;+18%
2020-03-29;Mali;ML;Retail & recreation;-25%
2020-03-29;Mali;ML;Grocery & pharmacy;-18%
2020-03-29;Mali;ML;Parks;-12%
2020-03-29;Mali;ML;Transit stations;-36%
2020-03-29;Mali;ML;Workplaces;+0%
2020-03-29;Mali;ML;Residential;+9%
2020-03-29;Myanmar (Burma);MM;Retail & recreation;-46%
2020-03-29;Myanmar (Burma);MM;Grocery & pharmacy;-29%
2020-03-29;Myanmar (Burma);MM;Parks;-19%
2020-03-29;Myanmar (Burma);MM;Transit stations;-35%
2020-03-29;Myanmar (Burma);MM;Workplaces;-10%
2020-03-29;Myanmar (Burma);MM;Residential;+12%
2020-03-29;Mongolia;MN;Retail & recreation;-16%
2020-03-29;Mongolia;MN;Grocery & pharmacy;+5%
2020-03-29;Mongolia;MN;Parks;+5%
2020-03-29;Mongolia;MN;Transit stations;-16%
2020-03-29;Mongolia;MN;Workplaces;-2%
2020-03-29;Mongolia;MN;Residential;+2%
2020-03-29;Malta;MT;Retail & recreation;-76%
2020-03-29;Malta;MT;Grocery & pharmacy;-38%
2020-03-29;Malta;MT;Parks;-45%
2020-03-29;Malta;MT;Transit stations;-57%
2020-03-29;Malta;MT;Workplaces;-49%
2020-03-29;Malta;MT;Residential;+19%
2020-03-29;Mauritius;MU;Retail & recreation;-89%
2020-03-29;Mauritius;MU;Grocery & pharmacy;-86%
2020-03-29;Mauritius;MU;Parks;-88%
2020-03-29;Mauritius;MU;Transit stations;-89%
2020-03-29;Mauritius;MU;Workplaces;-69%
2020-03-29;Mauritius;MU;Residential;+24%
2020-03-29;Mexico;MX;Retail & recreation;-45%
2020-03-29;Mexico;MX;Grocery & pharmacy;-19%
2020-03-29;Mexico;MX;Parks;-46%
2020-03-29;Mexico;MX;Transit stations;-47%
2020-03-29;Mexico;MX;Workplaces;-20%
2020-03-29;Mexico;MX;Residential;+11%
2020-03-29;Malaysia;MY;Retail & recreation;-81%
2020-03-29;Malaysia;MY;Grocery & pharmacy;-58%
2020-03-29;Malaysia;MY;Parks;-68%
2020-03-29;Malaysia;MY;Transit stations;-83%
2020-03-29;Malaysia;MY;Workplaces;-52%
2020-03-29;Malaysia;MY;Residential;+31%
2020-03-29;Mozambique;MZ;Retail & recreation;-26%
2020-03-29;Mozambique;MZ;Grocery & pharmacy;-13%
2020-03-29;Mozambique;MZ;Parks;-22%
2020-03-29;Mozambique;MZ;Transit stations;-29%
2020-03-29;Mozambique;MZ;Workplaces;+1%
2020-03-29;Mozambique;MZ;Residential;+10%
2020-03-29;Namibia;NA;Retail & recreation;-56%
2020-03-29;Namibia;NA;Grocery & pharmacy;-42%
2020-03-29;Namibia;NA;Parks;-39%
2020-03-29;Namibia;NA;Transit stations;-74%
2020-03-29;Namibia;NA;Workplaces;-28%
2020-03-29;Namibia;NA;Residential;+16%
2020-03-29;Niger;NE;Retail & recreation;-23%
2020-03-29;Niger;NE;Grocery & pharmacy;-15%
2020-03-29;Niger;NE;Parks;-19%
2020-03-29;Niger;NE;Transit stations;-25%
2020-03-29;Niger;NE;Workplaces;-1%
2020-03-29;Niger;NE;Residential;+9%
2020-03-29;Nigeria;NG;Retail & recreation;-39%
2020-03-29;Nigeria;NG;Grocery & pharmacy;-25%
2020-03-29;Nigeria;NG;Parks;-24%
2020-03-29;Nigeria;NG;Transit stations;-34%
2020-03-29;Nigeria;NG;Workplaces;-11%
2020-03-29;Nigeria;NG;Residential;+15%
2020-03-29;Nicaragua;NI;Retail & recreation;-45%
2020-03-29;Nicaragua;NI;Grocery & pharmacy;-25%
2020-03-29;Nicaragua;NI;Parks;-31%
2020-03-29;Nicaragua;NI;Transit stations;-38%
2020-03-29;Nicaragua;NI;Workplaces;-17%
2020-03-29;Nicaragua;NI;Residential;+11%
2020-03-29;Netherlands;NL;Retail & recreation;-65%
2020-03-29;Netherlands;NL;Grocery & pharmacy;-29%
2020-03-29;Netherlands;NL;Parks;-30%
2020-03-29;Netherlands;NL;Transit stations;-68%
2020-03-29;Netherlands;NL;Workplaces;-35%
2020-03-29;Netherlands;NL;Residential;+11%
2020-03-29;Norway;NO;Retail & recreation;-65%
2020-03-29;Norway;NO;Grocery & pharmacy;-32%
2020-03-29;Norway;NO;Parks;-5%
2020-03-29;Norway;NO;Transit stations;-57%
2020-03-29;Norway;NO;Workplaces;-34%
2020-03-29;Norway;NO;Residential;+11%
2020-03-29;Nepal;NP;Retail & recreation;-78%
2020-03-29;Nepal;NP;Grocery & pharmacy;-69%
2020-03-29;Nepal;NP;Parks;-55%
2020-03-29;Nepal;NP;Transit stations;-74%
2020-03-29;Nepal;NP;Workplaces;-72%
2020-03-29;Nepal;NP;Residential;+28%
2020-03-29;New Zealand;NZ;Retail & recreation;-91%
2020-03-29;New Zealand;NZ;Grocery & pharmacy;-54%
2020-03-29;New Zealand;NZ;Parks;-78%
2020-03-29;New Zealand;NZ;Transit stations;-84%
2020-03-29;New Zealand;NZ;Workplaces;-59%
2020-03-29;New Zealand;NZ;Residential;+22%
2020-03-29;Oman;OM;Retail & recreation;-52%
2020-03-29;Oman;OM;Grocery & pharmacy;-35%
2020-03-29;Oman;OM;Parks;-41%
2020-03-29;Oman;OM;Transit stations;-64%
2020-03-29;Oman;OM;Workplaces;-34%
2020-03-29;Oman;OM;Residential;+17%
2020-03-29;Panama;PA;Retail & recreation;-84%
2020-03-29;Panama;PA;Grocery & pharmacy;-61%
2020-03-29;Panama;PA;Parks;-78%
2020-03-29;Panama;PA;Transit stations;-77%
2020-03-29;Panama;PA;Workplaces;-59%
2020-03-29;Panama;PA;Residential;+31%
2020-03-29;Peru;PE;Retail & recreation;-82%
2020-03-29;Peru;PE;Grocery & pharmacy;-57%
2020-03-29;Peru;PE;Parks;-76%
2020-03-29;Peru;PE;Transit stations;-83%
2020-03-29;Peru;PE;Workplaces;-55%
2020-03-29;Peru;PE;Residential;+29%
2020-03-29;Papua New Guinea;PG;Retail & recreation;-20%
2020-03-29;Papua New Guinea;PG;Grocery & pharmacy;-9%
2020-03-29;Papua New Guinea;PG;Parks;-12%
2020-03-29;Papua New Guinea;PG;Transit stations;-46%
2020-03-29;Papua New Guinea;PG;Workplaces;+11%
2020-03-29;Papua New Guinea;PG;Residential ;+12%
2020-03-29;Philippines;PH;Retail & recreation;-81%
2020-03-29;Philippines;PH;Grocery & pharmacy;-59%
2020-03-29;Philippines;PH;Parks;-59%
2020-03-29;Philippines;PH;Transit stations;-82%
2020-03-29;Philippines;PH;Workplaces;-54%
2020-03-29;Philippines;PH;Residential;+26%
2020-03-29;Pakistan;PK;Retail & recreation;-70%
2020-03-29;Pakistan;PK;Grocery & pharmacy;-55%
2020-03-29;Pakistan;PK;Parks;-45%
2020-03-29;Pakistan;PK;Transit stations;-62%
2020-03-29;Pakistan;PK;Workplaces;-41%
2020-03-29;Pakistan;PK;Residential;+18%
2020-03-29;Poland;PL;Retail & recreation;-78%
2020-03-29;Poland;PL;Grocery & pharmacy;-59%
2020-03-29;Poland;PL;Parks;-59%
2020-03-29;Poland;PL;Transit stations;-71%
2020-03-29;Poland;PL;Workplaces;-36%
2020-03-29;Poland;PL;Residential;+13%
2020-03-29;Puerto Rico;PR;Retail & recreation;-77%
2020-03-29;Puerto Rico;PR;Grocery & pharmacy;-51%
2020-03-29;Puerto Rico;PR;Parks;-75%
2020-03-29;Puerto Rico;PR;Transit stations;-79%
2020-03-29;Puerto Rico;PR;Workplaces;-48%
2020-03-29;Puerto Rico;PR;Residential;+21%
2020-03-29;Portugal;PT;Retail & recreation;-83%
2020-03-29;Portugal;PT;Grocery & pharmacy;-59%
2020-03-29;Portugal;PT;Parks;-80%
2020-03-29;Portugal;PT;Transit stations;-78%
2020-03-29;Portugal;PT;Workplaces;-53%
2020-03-29;Portugal;PT;Residential;+22%
2020-03-29;Paraguay;PY;Retail & recreation;-68%
2020-03-29;Paraguay;PY;Grocery & pharmacy;-52%
2020-03-29;Paraguay;PY;Parks;-71%
2020-03-29;Paraguay;PY;Transit stations;-76%
2020-03-29;Paraguay;PY;Workplaces;-30%
2020-03-29;Paraguay;PY;Residential;+23%
2020-03-29;Qatar;QA;Retail & recreation;-51%
2020-03-29;Qatar;QA;Grocery & pharmacy;-25%
2020-03-29;Qatar;QA;Parks;-34%
2020-03-29;Qatar;QA;Transit stations;-52%
2020-03-29;Qatar;QA;Workplaces;-31%
2020-03-29;Qatar;QA;Residential;+22%
2020-03-29;Réunion;RE;Retail & recreation;-96%
2020-03-29;Réunion;RE;Grocery & pharmacy;-88%
2020-03-29;Réunion;RE;Parks;-92%
2020-03-29;Réunion;RE;Transit stations;-82%
2020-03-29;Réunion;RE;Workplaces ;-53%
2020-03-29;Réunion;RE;Residential ;Not enough data for this date
2020-03-29;Romania;RO;Retail & recreation;-81%
2020-03-29;Romania;RO;Grocery & pharmacy;-53%
2020-03-29;Romania;RO;Parks;-60%
2020-03-29;Romania;RO;Transit stations;-72%
2020-03-29;Romania;RO;Workplaces;-39%
2020-03-29;Romania;RO;Residential;+15%
2020-03-29;Rwanda;RW;Retail & recreation;-56%
2020-03-29;Rwanda;RW;Grocery & pharmacy;-57%
2020-03-29;Rwanda;RW;Parks;-18%
2020-03-29;Rwanda;RW;Transit stations;-75%
2020-03-29;Rwanda;RW;Workplaces;-31%
2020-03-29;Rwanda;RW;Residential;+22%
2020-03-29;Saudi Arabia;SA;Retail & recreation;-54%
2020-03-29;Saudi Arabia;SA;Grocery & pharmacy;-24%
2020-03-29;Saudi Arabia;SA;Parks;-49%
2020-03-29;Saudi Arabia;SA;Transit stations;-75%
2020-03-29;Saudi Arabia;SA;Workplaces;-45%
2020-03-29;Saudi Arabia;SA;Residential;+23%
2020-03-29;Sweden;SE;Retail & recreation;-24%
2020-03-29;Sweden;SE;Grocery & pharmacy;-10%
2020-03-29;Sweden;SE;Parks;+43%
2020-03-29;Sweden;SE;Transit stations;-36%
2020-03-29;Sweden;SE;Workplaces;-18%
2020-03-29;Sweden;SE;Residential;+5%
2020-03-29;Singapore;SG;Retail & recreation;-28%
2020-03-29;Singapore;SG;Grocery & pharmacy;-6%
2020-03-29;Singapore;SG;Parks;-12%
2020-03-29;Singapore;SG;Transit stations;-40%
2020-03-29;Singapore;SG;Workplaces;-15%
2020-03-29;Singapore;SG;Residential;+15%
2020-03-29;Slovenia;SI;Retail & recreation;-88%
2020-03-29;Slovenia;SI;Grocery & pharmacy;-92%
2020-03-29;Slovenia;SI;Parks;-43%
2020-03-29;Slovenia;SI;Transit stations;-54%
2020-03-29;Slovenia;SI;Workplaces;-45%
2020-03-29;Slovenia;SI;Residential;+13%
2020-03-29;Slovakia;SK;Retail & recreation;-82%
2020-03-29;Slovakia;SK;Grocery & pharmacy;-89%
2020-03-29;Slovakia;SK;Parks;-9%
2020-03-29;Slovakia;SK;Transit stations;-61%
2020-03-29;Slovakia;SK;Workplaces;-38%
2020-03-29;Slovakia;SK;Residential;+10%
2020-03-29;Senegal;SN;Retail & recreation;-44%
2020-03-29;Senegal;SN;Grocery & pharmacy;-31%
2020-03-29;Senegal;SN;Parks;-28%
2020-03-29;Senegal;SN;Transit stations;-50%
2020-03-29;Senegal;SN;Workplaces;-10%
2020-03-29;Senegal;SN;Residential;+12%
2020-03-29;El Salvador;SV;Retail & recreation;-81%
2020-03-29;El Salvador;SV;Grocery & pharmacy;-62%
2020-03-29;El Salvador;SV;Parks;-72%
2020-03-29;El Salvador;SV;Transit stations;-73%
2020-03-29;El Salvador;SV;Workplaces;-50%
2020-03-29;El Salvador;SV;Residential;+23%
2020-03-29;Togo;TG;Retail & recreation;-37%
2020-03-29;Togo;TG;Grocery & pharmacy;-25%
2020-03-29;Togo;TG;Parks;-21%
2020-03-29;Togo;TG;Transit stations;-41%
2020-03-29;Togo;TG;Workplaces;-9%
2020-03-29;Togo;TG;Residential;+16%
2020-03-29;Thailand;TH;Retail & recreation;-55%
2020-03-29;Thailand;TH;Grocery & pharmacy;-27%
2020-03-29;Thailand;TH;Parks;-54%
2020-03-29;Thailand;TH;Transit stations;-61%
2020-03-29;Thailand;TH;Workplaces;-21%
2020-03-29;Thailand;TH;Residential;+16%
2020-03-29;Tajikistan;TJ;Retail & recreation;-8%
2020-03-29;Tajikistan;TJ;Grocery & pharmacy;-8%
2020-03-29;Tajikistan;TJ;Parks;+4%
2020-03-29;Tajikistan;TJ;Transit stations;-17%
2020-03-29;Tajikistan;TJ;Workplaces;+10%
2020-03-29;Tajikistan;TJ;Residential;-3%
2020-03-29;Turkey;TR;Retail & recreation;-75%
2020-03-29;Turkey;TR;Grocery & pharmacy;-39%
2020-03-29;Turkey;TR;Parks;-58%
2020-03-29;Turkey;TR;Transit stations;-71%
2020-03-29;Turkey;TR;Workplaces;-45%
2020-03-29;Turkey;TR;Residential;+17%
2020-03-29;Trinidad and Tobago;TT;Retail & recreation;-29%
2020-03-29;Trinidad and Tobago;TT;Grocery & pharmacy;+10%
2020-03-29;Trinidad and Tobago;TT;Parks;-40%
2020-03-29;Trinidad and Tobago;TT;Transit stations;-70%
2020-03-29;Trinidad and Tobago;TT;Workplaces;-17%
2020-03-29;Trinidad and Tobago;TT;Residential;+9%
2020-03-29;Taiwan;TW;Retail & recreation;-9%
2020-03-29;Taiwan;TW;Grocery & pharmacy;+3%
2020-03-29;Taiwan;TW;Parks;+17%
2020-03-29;Taiwan;TW;Transit stations;-24%
2020-03-29;Taiwan;TW;Workplaces;-1%
2020-03-29;Taiwan;TW;Residential;+4%
2020-03-29;Tanzania;TZ;Retail & recreation;-16%
2020-03-29;Tanzania;TZ;Grocery & pharmacy;-8%
2020-03-29;Tanzania;TZ;Parks;-7%
2020-03-29;Tanzania;TZ;Transit stations;-11%
2020-03-29;Tanzania;TZ;Workplaces;-9%
2020-03-29;Tanzania;TZ;Residential;+3%
2020-03-29;Uganda;UG;Retail & recreation;-50%
2020-03-29;Uganda;UG;Grocery & pharmacy;-36%
2020-03-29;Uganda;UG;Parks;-16%
2020-03-29;Uganda;UG;Transit stations;-59%
2020-03-29;Uganda;UG;Workplaces;-23%
2020-03-29;Uganda;UG;Residential;+19%
2020-03-29;Alabama;US;Retail & recreation;-41%
2020-03-29;Alabama;US;Grocery & pharmacy;-13%
2020-03-29;Alabama;US;Parks;+19%
2020-03-29;Alabama;US;Transit stations;-30%
2020-03-29;Alabama;US;Workplaces;-32%
2020-03-29;Alabama;US;Residential;+9%
2020-03-29;Alaska;US;Retail & recreation;-48%
2020-03-29;Alaska;US;Grocery & pharmacy;-27%
2020-03-29;Alaska;US;Parks;+18%
2020-03-29;Alaska;US;Transit stations;-55%
2020-03-29;Alaska;US;Workplaces;-33%
2020-03-29;Alaska;US;Residential;+10%
2020-03-29;Arizona;US;Retail & recreation;-40%
2020-03-29;Arizona;US;Grocery & pharmacy;-17%
2020-03-29;Arizona;US;Parks;-7%
2020-03-29;Arizona;US;Transit stations;-41%
2020-03-29;Arizona;US;Workplaces;-33%
2020-03-29;Arizona;US;Residential;+10%
2020-03-29;Arkansas;US;Retail & recreation;-29%
2020-03-29;Arkansas;US;Grocery & pharmacy;-7%
2020-03-29;Arkansas;US;Parks;+81%
2020-03-29;Arkansas;US;Transit stations;-22%
2020-03-29;Arkansas;US;Workplaces;-27%
2020-03-29;Arkansas;US;Residential;+7%
2020-03-29;California;US;Retail & recreation;-50%
2020-03-29;California;US;Grocery & pharmacy;-24%
2020-03-29;California;US;Parks;-38%
2020-03-29;California;US;Transit stations;-54%
2020-03-29;California;US;Workplaces;-39%
2020-03-29;California;US;Residential;+15%
2020-03-29;Colorado;US;Retail & recreation;-51%
2020-03-29;Colorado;US;Grocery & pharmacy;-27%
2020-03-29;Colorado;US;Parks;-12%
2020-03-29;Colorado;US;Transit stations;-60%
2020-03-29;Colorado;US;Workplaces;-40%
2020-03-29;Colorado;US;Residential;+13%
2020-03-29;Connecticut;US;Retail & recreation;-56%
2020-03-29;Connecticut;US;Grocery & pharmacy;-32%
2020-03-29;Connecticut;US;Parks;-52%
2020-03-29;Connecticut;US;Transit stations;-64%
2020-03-29;Connecticut;US;Workplaces;-38%
2020-03-29;Connecticut;US;Residential;+15%
2020-03-29;Delaware;US;Retail & recreation;-47%
2020-03-29;Delaware;US;Grocery & pharmacy;-28%
2020-03-29;Delaware;US;Parks;-6%
2020-03-29;Delaware;US;Transit stations;-57%
2020-03-29;Delaware;US;Workplaces;-37%
2020-03-29;Delaware;US;Residential;+12%
2020-03-29;District of Columbia;US;Retail & recreation;-64%
2020-03-29;District of Columbia;US;Grocery & pharmacy;-30%
2020-03-29;District of Columbia;US;Parks;-41%
2020-03-29;District of Columbia;US;Transit stations;-68%
2020-03-29;District of Columbia;US;Workplaces;-47%
2020-03-29;District of Columbia;US;Residential;+14%
2020-03-29;Florida;US;Retail & recreation;-50%
2020-03-29;Florida;US;Grocery & pharmacy;-26%
2020-03-29;Florida;US;Parks;-48%
2020-03-29;Florida;US;Transit stations;-63%
2020-03-29;Florida;US;Workplaces;-41%
2020-03-29;Florida;US;Residential;+13%
2020-03-29;Georgia;US;Retail & recreation;-42%
2020-03-29;Georgia;US;Grocery & pharmacy;-17%
2020-03-29;Georgia;US;Parks;-2%
2020-03-29;Georgia;US;Transit stations;-52%
2020-03-29;Georgia;US;Workplaces;-37%
2020-03-29;Georgia;US;Residential;+11%
2020-03-29;Hawaii;US;Retail & recreation;-56%
2020-03-29;Hawaii;US;Grocery & pharmacy;-36%
2020-03-29;Hawaii;US;Parks;-65%
2020-03-29;Hawaii;US;Transit stations;-72%
2020-03-29;Hawaii;US;Workplaces;-45%
2020-03-29;Hawaii;US;Residential;+16%
2020-03-29;Idaho;US;Retail & recreation;-42%
2020-03-29;Idaho;US;Grocery & pharmacy;-18%
2020-03-29;Idaho;US;Parks;+25%
2020-03-29;Idaho;US;Transit stations;-34%
2020-03-29;Idaho;US;Workplaces;-38%
2020-03-29;Idaho;US;Residential;+10%
2020-03-29;Illinois;US;Retail & recreation;-53%
2020-03-29;Illinois;US;Grocery & pharmacy;-24%
2020-03-29;Illinois;US;Parks;-29%
2020-03-29;Illinois;US;Transit stations;-55%
2020-03-29;Illinois;US;Workplaces;-39%
2020-03-29;Illinois;US;Residential;+13%
2020-03-29;Indiana;US;Retail & recreation;-48%
2020-03-29;Indiana;US;Grocery & pharmacy;-25%
2020-03-29;Indiana;US;Parks;+24%
2020-03-29;Indiana;US;Transit stations;-34%
2020-03-29;Indiana;US;Workplaces;-36%
2020-03-29;Indiana;US;Residential;+11%
2020-03-29;Iowa;US;Retail & recreation;-43%
2020-03-29;Iowa;US;Grocery & pharmacy;-10%
2020-03-29;Iowa;US;Parks;+41%
2020-03-29;Iowa;US;Transit stations;-28%
2020-03-29;Iowa;US;Workplaces;-29%
2020-03-29;Iowa;US;Residential;+10%
2020-03-29;Kansas;US;Retail & recreation;-36%
2020-03-29;Kansas;US;Grocery & pharmacy;-14%
2020-03-29;Kansas;US;Parks;+72%
2020-03-29;Kansas;US;Transit stations;-20%
2020-03-29;Kansas;US;Workplaces;-30%
2020-03-29;Kansas;US;Residential;+9%
2020-03-29;Kentucky;US;Retail & recreation;-37%
2020-03-29;Kentucky;US;Grocery & pharmacy;-11%
2020-03-29;Kentucky;US;Parks;+68%
2020-03-29;Kentucky;US;Transit stations;-34%
2020-03-29;Kentucky;US;Workplaces;-34%
2020-03-29;Kentucky;US;Residential;+9%
2020-03-29;Louisiana;US;Retail & recreation;-45%
2020-03-29;Louisiana;US;Grocery & pharmacy;-16%
2020-03-29;Louisiana;US;Parks;-18%
2020-03-29;Louisiana;US;Transit stations;-49%
2020-03-29;Louisiana;US;Workplaces;-35%
2020-03-29;Louisiana;US;Residential;+11%
2020-03-29;Maine;US;Retail & recreation;-50%
2020-03-29;Maine;US;Grocery & pharmacy;-22%
2020-03-29;Maine;US;Parks;-24%
2020-03-29;Maine;US;Transit stations;-56%
2020-03-29;Maine;US;Workplaces;-31%
2020-03-29;Maine;US;Residential;+10%
2020-03-29;Maryland;US;Retail & recreation;-45%
2020-03-29;Maryland;US;Grocery & pharmacy;-25%
2020-03-29;Maryland;US;Parks;+29%
2020-03-29;Maryland;US;Transit stations;-51%
2020-03-29;Maryland;US;Workplaces;-39%
2020-03-29;Maryland;US;Residential;+13%
2020-03-29;Massachusetts;US;Retail & recreation;-59%
2020-03-29;Massachusetts;US;Grocery & pharmacy;-36%
2020-03-29;Massachusetts;US;Parks;-56%
2020-03-29;Massachusetts;US;Transit stations;-73%
2020-03-29;Massachusetts;US;Workplaces;-42%
2020-03-29;Massachusetts;US;Residential;+16%
2020-03-29;Michigan;US;Retail & recreation;-58%
2020-03-29;Michigan;US;Grocery & pharmacy;-28%
2020-03-29;Michigan;US;Parks;+15%
2020-03-29;Michigan;US;Transit stations;-55%
2020-03-29;Michigan;US;Workplaces;-43%
2020-03-29;Michigan;US;Residential;+12%
2020-03-29;Minnesota;US;Retail & recreation;-58%
2020-03-29;Minnesota;US;Grocery & pharmacy;-35%
2020-03-29;Minnesota;US;Parks;-16%
2020-03-29;Minnesota;US;Transit stations;-64%
2020-03-29;Minnesota;US;Workplaces;-38%
2020-03-29;Minnesota;US;Residential;+14%
2020-03-29;Mississippi;US;Retail & recreation;-32%
2020-03-29;Mississippi;US;Grocery & pharmacy;-7%
2020-03-29;Mississippi;US;Parks;+27%
2020-03-29;Mississippi;US;Transit stations;-29%
2020-03-29;Mississippi;US;Workplaces;-30%
2020-03-29;Mississippi;US;Residential;+9%
2020-03-29;Missouri;US;Retail & recreation;-38%
2020-03-29;Missouri;US;Grocery & pharmacy;-12%
2020-03-29;Missouri;US;Parks;+73%
2020-03-29;Missouri;US;Transit stations;-34%
2020-03-29;Missouri;US;Workplaces;-32%
2020-03-29;Missouri;US;Residential;+9%
2020-03-29;United States;US;Retail & recreation;-47%
2020-03-29;United States;US;Grocery & pharmacy;-22%
2020-03-29;United States;US;Parks;-19%
2020-03-29;United States;US;Transit stations;-51%
2020-03-29;United States;US;Workplaces;-38%
2020-03-29;United States;US;Residential;+12%
2020-03-29;Montana;US;Retail & recreation;-51%
2020-03-29;Montana;US;Grocery & pharmacy;-25%
2020-03-29;Montana;US;Parks;+28%
2020-03-29;Montana;US;Transit stations;-37%
2020-03-29;Montana;US;Workplaces;-37%
2020-03-29;Montana;US;Residential;+10%
2020-03-29;Nebraska;US;Retail & recreation;-34%
2020-03-29;Nebraska;US;Grocery & pharmacy;-9%
2020-03-29;Nebraska;US;Parks;+109%
2020-03-29;Nebraska;US;Transit stations;-18%
2020-03-29;Nebraska;US;Workplaces;-24%
2020-03-29;Nebraska;US;Residential;+8%
2020-03-29;Nevada;US;Retail & recreation;-47%
2020-03-29;Nevada;US;Grocery & pharmacy;-23%
2020-03-29;Nevada;US;Parks;-38%
2020-03-29;Nevada;US;Transit stations;-62%
2020-03-29;Nevada;US;Workplaces;-52%
2020-03-29;Nevada;US;Residential;+14%
2020-03-29;New Hampshire;US;Retail & recreation;-58%
2020-03-29;New Hampshire;US;Grocery & pharmacy;-35%
2020-03-29;New Hampshire;US;Parks;-63%
2020-03-29;New Hampshire;US;Transit stations;-63%
2020-03-29;New Hampshire;US;Workplaces;-38%
2020-03-29;New Hampshire;US;Residential;+13%
2020-03-29;New Jersey;US;Retail & recreation;-59%
2020-03-29;New Jersey;US;Grocery & pharmacy;-33%
2020-03-29;New Jersey;US;Parks;-36%
2020-03-29;New Jersey;US;Transit stations;-70%
2020-03-29;New Jersey;US;Workplaces;-44%
2020-03-29;New Jersey;US;Residential;+16%
2020-03-29;New Mexico;US;Retail & recreation;-44%
2020-03-29;New Mexico;US;Grocery & pharmacy;-18%
2020-03-29;New Mexico;US;Parks;-12%
2020-03-29;New Mexico;US;Transit stations;-31%
2020-03-29;New Mexico;US;Workplaces;-34%
2020-03-29;New Mexico;US;Residential;+11%
2020-03-29;New York;US;Retail & recreation;-62%
2020-03-29;New York;US;Grocery & pharmacy;-32%
2020-03-29;New York;US;Parks;-47%
2020-03-29;New York;US;Transit stations;-68%
2020-03-29;New York;US;Workplaces;-46%
2020-03-29;New York;US;Residential;+16%
2020-03-29;North Carolina;US;Retail & recreation;-40%
2020-03-29;North Carolina;US;Grocery & pharmacy;-15%
2020-03-29;North Carolina;US;Parks;+13%
2020-03-29;North Carolina;US;Transit stations;-51%
2020-03-29;North Carolina;US;Workplaces;-35%
2020-03-29;North Carolina;US;Residential;+10%
2020-03-29;North Dakota;US;Retail & recreation;-44%
2020-03-29;North Dakota;US;Grocery & pharmacy;-13%
2020-03-29;North Dakota;US;Parks;+73%
2020-03-29;North Dakota;US;Transit stations;-36%
2020-03-29;North Dakota;US;Workplaces;-24%
2020-03-29;North Dakota;US;Residential;+9%
2020-03-29;Ohio;US;Retail & recreation;-43%
2020-03-29;Ohio;US;Grocery & pharmacy;-19%
2020-03-29;Ohio;US;Parks;+117%
2020-03-29;Ohio;US;Transit stations;-33%
2020-03-29;Ohio;US;Workplaces;-35%
2020-03-29;Ohio;US;Residential;+10%
2020-03-29;Oklahoma;US;Retail & recreation;-36%
2020-03-29;Oklahoma;US;Grocery & pharmacy;-12%
2020-03-29;Oklahoma;US;Parks;+29%
2020-03-29;Oklahoma;US;Transit stations;-23%
2020-03-29;Oklahoma;US;Workplaces;-32%
2020-03-29;Oklahoma;US;Residential;+9%
2020-03-29;Oregon;US;Retail & recreation;-51%
2020-03-29;Oregon;US;Grocery & pharmacy;-25%
2020-03-29;Oregon;US;Parks;-22%
2020-03-29;Oregon;US;Transit stations;-47%
2020-03-29;Oregon;US;Workplaces;-38%
2020-03-29;Oregon;US;Residential;+12%
2020-03-29;Pennsylvania;US;Retail & recreation;-50%
2020-03-29;Pennsylvania;US;Grocery & pharmacy;-27%
2020-03-29;Pennsylvania;US;Parks;+7%
2020-03-29;Pennsylvania;US;Transit stations;-52%
2020-03-29;Pennsylvania;US;Workplaces;-38%
2020-03-29;Pennsylvania;US;Residential;+12%
2020-03-29;Rhode Island;US;Retail & recreation;-55%
2020-03-29;Rhode Island;US;Grocery & pharmacy;-30%
2020-03-29;Rhode Island;US;Parks;-50%
2020-03-29;Rhode Island;US;Transit stations;-67%
2020-03-29;Rhode Island;US;Workplaces;-37%
2020-03-29;Rhode Island;US;Residential;+14%
2020-03-29;South Carolina;US;Retail & recreation;-38%
2020-03-29;South Carolina;US;Grocery & pharmacy;-11%
2020-03-29;South Carolina;US;Parks;-4%
2020-03-29;South Carolina;US;Transit stations;-34%
2020-03-29;South Carolina;US;Workplaces;-34%
2020-03-29;South Carolina;US;Residential;+9%
2020-03-29;South Dakota;US;Retail & recreation;-35%
2020-03-29;South Dakota;US;Grocery & pharmacy;-3%
2020-03-29;South Dakota;US;Parks;+126%
2020-03-29;South Dakota;US;Transit stations;-31%
2020-03-29;South Dakota;US;Workplaces;-25%
2020-03-29;South Dakota;US;Residential;+8%
2020-03-29;Tennessee;US;Retail & recreation;-35%
2020-03-29;Tennessee;US;Grocery & pharmacy;-9%
2020-03-29;Tennessee;US;Parks;+35%
2020-03-29;Tennessee;US;Transit stations;-35%
2020-03-29;Tennessee;US;Workplaces;-34%
2020-03-29;Tennessee;US;Residential;+8%
2020-03-29;Texas;US;Retail & recreation;-45%
2020-03-29;Texas;US;Grocery & pharmacy;-23%
2020-03-29;Texas;US;Parks;-27%
2020-03-29;Texas;US;Transit stations;-47%
2020-03-29;Texas;US;Workplaces;-36%
2020-03-29;Texas;US;Residential;+13%
2020-03-29;Utah;US;Retail & recreation;-41%
2020-03-29;Utah;US;Grocery & pharmacy;-14%
2020-03-29;Utah;US;Parks;+26%
2020-03-29;Utah;US;Transit stations;-44%
2020-03-29;Utah;US;Workplaces;-40%
2020-03-29;Utah;US;Residential;+10%
2020-03-29;Vermont;US;Retail & recreation;-62%
2020-03-29;Vermont;US;Grocery & pharmacy;-42%
2020-03-29;Vermont;US;Parks;-55%
2020-03-29;Vermont;US;Transit stations;-71%
2020-03-29;Vermont;US;Workplaces;-43%
2020-03-29;Vermont;US;Residential;+13%
2020-03-29;Virginia;US;Retail & recreation;-39%
2020-03-29;Virginia;US;Grocery & pharmacy;-16%
2020-03-29;Virginia;US;Parks;+46%
2020-03-29;Virginia;US;Transit stations;-50%
2020-03-29;Virginia;US;Workplaces;-36%
2020-03-29;Virginia;US;Residential;+11%
2020-03-29;Washington;US;Retail & recreation;-48%
2020-03-29;Washington;US;Grocery & pharmacy;-26%
2020-03-29;Washington;US;Parks;-11%
2020-03-29;Washington;US;Transit stations;-56%
2020-03-29;Washington;US;Workplaces;-41%
2020-03-29;Washington;US;Residential;+13%
2020-03-29;West Virginia;US;Retail & recreation;-38%
2020-03-29;West Virginia;US;Grocery & pharmacy;-16%
2020-03-29;West Virginia;US;Parks;+52%
2020-03-29;West Virginia;US;Transit stations;-31%
2020-03-29;West Virginia;US;Workplaces;-33%
2020-03-29;West Virginia;US;Residential;+8%
2020-03-29;Wisconsin;US;Retail & recreation;-55%
2020-03-29;Wisconsin;US;Grocery & pharmacy;-30%
2020-03-29;Wisconsin;US;Parks;-12%
2020-03-29;Wisconsin;US;Transit stations;-50%
2020-03-29;Wisconsin;US;Workplaces;-34%
2020-03-29;Wisconsin;US;Residential;+13%
2020-03-29;Wyoming;US;Retail & recreation;-37%
2020-03-29;Wyoming;US;Grocery & pharmacy;-13%
2020-03-29;Wyoming;US;Parks;+29%
2020-03-29;Wyoming;US;Transit stations;-14%
2020-03-29;Wyoming;US;Workplaces;-29%
2020-03-29;Wyoming;US;Residential;+8%
2020-03-29;Uruguay;UY;Retail & recreation;-75%
2020-03-29;Uruguay;UY;Grocery & pharmacy;-45%
2020-03-29;Uruguay;UY;Parks;-79%
2020-03-29;Uruguay;UY;Transit stations;-71%
2020-03-29;Uruguay;UY;Workplaces;-35%
2020-03-29;Uruguay;UY;Residential;+22%
2020-03-29;Venezuela;VE;Retail & recreation;-62%
2020-03-29;Venezuela;VE;Grocery & pharmacy;-44%
2020-03-29;Venezuela;VE;Parks;-57%
2020-03-29;Venezuela;VE;Transit stations;-62%
2020-03-29;Venezuela;VE;Workplaces;-25%
2020-03-29;Venezuela;VE;Residential;+16%
2020-03-29;Vietnam;VN;Retail & recreation;-52%
2020-03-29;Vietnam;VN;Grocery & pharmacy;-29%
2020-03-29;Vietnam;VN;Parks;-33%
2020-03-29;Vietnam;VN;Transit stations;-49%
2020-03-29;Vietnam;VN;Workplaces;-20%
2020-03-29;Vietnam;VN;Residential;+16%
2020-03-29;Yemen;YE;Retail & recreation;-8%
2020-03-29;Yemen;YE;Grocery & pharmacy;-1%
2020-03-29;Yemen;YE;Parks;-9%
2020-03-29;Yemen;YE;Transit stations;-9%
2020-03-29;Yemen;YE;Workplaces;-5%
2020-03-29;Yemen;YE;Residential;+5%
2020-03-29;South Africa;ZA;Retail & recreation;-79%
2020-03-29;South Africa;ZA;Grocery & pharmacy;-60%
2020-03-29;South Africa;ZA;Parks;-55%
2020-03-29;South Africa;ZA;Transit stations;-80%
2020-03-29;South Africa;ZA;Workplaces;-49%
2020-03-29;South Africa;ZA;Residential;+24%
2020-03-29;Zambia;ZM;Retail & recreation;-21%
2020-03-29;Zambia;ZM;Grocery & pharmacy;-8%
2020-03-29;Zambia;ZM;Parks;-6%
2020-03-29;Zambia;ZM;Transit stations;-24%
2020-03-29;Zambia;ZM;Workplaces;+0%
2020-03-29;Zambia;ZM;Residential;+10%
2020-03-29;Zimbabwe;ZW;Retail & recreation;-2%
2020-03-29;Zimbabwe;ZW;Grocery & pharmacy;+24%
2020-03-29;Zimbabwe;ZW;Parks;-4%
2020-03-29;Zimbabwe;ZW;Transit stations;-6%
2020-03-29;Zimbabwe;ZW;Workplaces;+14%
2020-03-29;Zimbabwe;ZW;Residential;+13%
2020-04-05;United Arab Emirates;AE;Retail & recreation;-61%
2020-04-05;United Arab Emirates;AE;Grocery & pharmacy;-30%
2020-04-05;United Arab Emirates;AE;Parks;-58%
2020-04-05;United Arab Emirates;AE;Transit stations;-79%
2020-04-05;United Arab Emirates;AE;Workplaces;-57%
2020-04-05;United Arab Emirates;AE;Residential;+31%
2020-04-05;Afghanistan;AF;Retail & recreation;-45%
2020-04-05;Afghanistan;AF;Grocery & pharmacy;-22%
2020-04-05;Afghanistan;AF;Parks;-13%
2020-04-05;Afghanistan;AF;Transit stations;-36%
2020-04-05;Afghanistan;AF;Workplaces;-38%
2020-04-05;Afghanistan;AF;Residential;+12%
2020-04-05;Antigua and Barbuda;AG;Retail & recreation;-78%
2020-04-05;Antigua and Barbuda;AG;Grocery & pharmacy;-55%
2020-04-05;Antigua and Barbuda;AG;Parks;-65%
2020-04-05;Antigua and Barbuda;AG;Transit stations;-83%
2020-04-05;Antigua and Barbuda;AG;Workplaces;-66%
2020-04-05;Antigua and Barbuda;AG;Residential ;+16%
2020-04-05;Angola;AO;Retail & recreation;-62%
2020-04-05;Angola;AO;Grocery & pharmacy;-37%
2020-04-05;Angola;AO;Parks;-48%
2020-04-05;Angola;AO;Transit stations;-63%
2020-04-05;Angola;AO;Workplaces;-17%
2020-04-05;Angola;AO;Residential;+22%
2020-04-05;Argentina;AR;Retail & recreation;-83%
2020-04-05;Argentina;AR;Grocery & pharmacy;-54%
2020-04-05;Argentina;AR;Parks;-87%
2020-04-05;Argentina;AR;Transit stations;-76%
2020-04-05;Argentina;AR;Workplaces;-52%
2020-04-05;Argentina;AR;Residential;+26%
2020-04-05;Austria;AT;Retail & recreation;-82%
2020-04-05;Austria;AT;Grocery & pharmacy;-55%
2020-04-05;Austria;AT;Parks;-11%
2020-04-05;Austria;AT;Transit stations;-64%
2020-04-05;Austria;AT;Workplaces;-46%
2020-04-05;Austria;AT;Residential;+12%
2020-04-05;Australia;AU;Retail & recreation;-44%
2020-04-05;Australia;AU;Grocery & pharmacy;-18%
2020-04-05;Australia;AU;Parks;-43%
2020-04-05;Australia;AU;Transit stations;-62%
2020-04-05;Australia;AU;Workplaces;-36%
2020-04-05;Australia;AU;Residential;+14%
2020-04-05;Aruba;AW;Retail & recreation;-76%
2020-04-05;Aruba;AW;Grocery & pharmacy;-50%
2020-04-05;Aruba;AW;Parks;-51%
2020-04-05;Aruba;AW;Transit stations;-77%
2020-04-05;Aruba;AW;Workplaces;-64%
2020-04-05;Aruba;AW;Residential ;+34%
2020-04-05;Bosnia and Herzegovina;BA;Retail & recreation;-74%
2020-04-05;Bosnia and Herzegovina;BA;Grocery & pharmacy;-45%
2020-04-05;Bosnia and Herzegovina;BA;Parks;-17%
2020-04-05;Bosnia and Herzegovina;BA;Transit stations;-56%
2020-04-05;Bosnia and Herzegovina;BA;Workplaces;-49%
2020-04-05;Bosnia and Herzegovina;BA;Residential;+12%
2020-04-05;Barbados;BB;Retail & recreation;-88%
2020-04-05;Barbados;BB;Grocery & pharmacy;-92%
2020-04-05;Barbados;BB;Parks;-88%
2020-04-05;Barbados;BB;Transit stations;-90%
2020-04-05;Barbados;BB;Workplaces;-75%
2020-04-05;Barbados;BB;Residential;+27%
2020-04-05;Bangladesh;BD;Retail & recreation;-67%
2020-04-05;Bangladesh;BD;Grocery & pharmacy;-44%
2020-04-05;Bangladesh;BD;Parks;-29%
2020-04-05;Bangladesh;BD;Transit stations;-64%
2020-04-05;Bangladesh;BD;Workplaces;-54%
2020-04-05;Bangladesh;BD;Residential;+22%
2020-04-05;Belgium;BE;Retail & recreation;-76%
2020-04-05;Belgium;BE;Grocery & pharmacy;-36%
2020-04-05;Belgium;BE;Parks;-13%
2020-04-05;Belgium;BE;Transit stations;-60%
2020-04-05;Belgium;BE;Workplaces;-46%
2020-04-05;Belgium;BE;Residential;+15%
2020-04-05;Burkina Faso;BF;Retail & recreation;-31%
2020-04-05;Burkina Faso;BF;Grocery & pharmacy;-25%
2020-04-05;Burkina Faso;BF;Parks;-19%
2020-04-05;Burkina Faso;BF;Transit stations;-51%
2020-04-05;Burkina Faso;BF;Workplaces;-3%
2020-04-05;Burkina Faso;BF;Residential;+14%
2020-04-05;Bulgaria;BG;Retail & recreation;-70%
2020-04-05;Bulgaria;BG;Grocery & pharmacy;-37%
2020-04-05;Bulgaria;BG;Parks;-53%
2020-04-05;Bulgaria;BG;Transit stations;-65%
2020-04-05;Bulgaria;BG;Workplaces;-35%
2020-04-05;Bulgaria;BG;Residential;+13%
2020-04-05;Bahrain;BH;Retail & recreation;-39%
2020-04-05;Bahrain;BH;Grocery & pharmacy;-16%
2020-04-05;Bahrain;BH;Parks;-31%
2020-04-05;Bahrain;BH;Transit stations;-32%
2020-04-05;Bahrain;BH;Workplaces;-24%
2020-04-05;Bahrain;BH;Residential;+15%
2020-04-05;Benin;BJ;Retail & recreation;-23%
2020-04-05;Benin;BJ;Grocery & pharmacy;-6%
2020-04-05;Benin;BJ;Parks;+2%
2020-04-05;Benin;BJ;Transit stations;-18%
2020-04-05;Benin;BJ;Workplaces;+1%
2020-04-05;Benin;BJ;Residential;+8%
2020-04-05;Bolivia;BO;Retail & recreation;-93%
2020-04-05;Bolivia;BO;Grocery & pharmacy;-94%
2020-04-05;Bolivia;BO;Parks;-89%
2020-04-05;Bolivia;BO;Transit stations;-91%
2020-04-05;Bolivia;BO;Workplaces;-71%
2020-04-05;Bolivia;BO;Residential;+35%
2020-04-05;Brazil;BR;Retail & recreation;-67%
2020-04-05;Brazil;BR;Grocery & pharmacy;-24%
2020-04-05;Brazil;BR;Parks;-66%
2020-04-05;Brazil;BR;Transit stations;-57%
2020-04-05;Brazil;BR;Workplaces;-30%
2020-04-05;Brazil;BR;Residential;+15%
2020-04-05;The Bahamas;BS;Retail & recreation;-96%
2020-04-05;The Bahamas;BS;Grocery & pharmacy;-97%
2020-04-05;The Bahamas;BS;Parks;-83%
2020-04-05;The Bahamas;BS;Transit stations;-96%
2020-04-05;The Bahamas;BS;Workplaces;-76%
2020-04-05;The Bahamas;BS;Residential;+29%
2020-04-05;Botswana;BW;Retail & recreation;-74%
2020-04-05;Botswana;BW;Grocery & pharmacy;-66%
2020-04-05;Botswana;BW;Parks;-28%
2020-04-05;Botswana;BW;Transit stations;-81%
2020-04-05;Botswana;BW;Workplaces;-36%
2020-04-05;Botswana;BW;Residential;+34%
2020-04-05;Belarus;BY;Retail & recreation;-30%
2020-04-05;Belarus;BY;Grocery & pharmacy;-4%
2020-04-05;Belarus;BY;Parks;+19%
2020-04-05;Belarus;BY;Transit stations;-25%
2020-04-05;Belarus;BY;Workplaces;-9%
2020-04-05;Belarus;BY;Residential;+3%
2020-04-05;Belize;BZ;Retail & recreation;-76%
2020-04-05;Belize;BZ;Grocery & pharmacy;-64%
2020-04-05;Belize;BZ;Parks;-63%
2020-04-05;Belize;BZ;Transit stations;-82%
2020-04-05;Belize;BZ;Workplaces;-57%
2020-04-05;Belize;BZ;Residential;+22%
2020-04-05;Canada;CA;Retail & recreation;-63%
2020-04-05;Canada;CA;Grocery & pharmacy;-45%
2020-04-05;Canada;CA;Parks;-13%
2020-04-05;Canada;CA;Transit stations;-67%
2020-04-05;Canada;CA;Workplaces;-46%
2020-04-05;Canada;CA;Residential;+14%
2020-04-05;Switzerland;CH;Retail & recreation;-76%
2020-04-05;Switzerland;CH;Grocery & pharmacy;-25%
2020-04-05;Switzerland;CH;Parks;+42%
2020-04-05;Switzerland;CH;Transit stations;-48%
2020-04-05;Switzerland;CH;Workplaces;-42%
2020-04-05;Switzerland;CH;Residential;+12%
2020-04-05;Côte d'Ivoire;CI;Retail & recreation;-33%
2020-04-05;Côte d'Ivoire;CI;Grocery & pharmacy;-22%
2020-04-05;Côte d'Ivoire;CI;Parks;-23%
2020-04-05;Côte d'Ivoire;CI;Transit stations;-37%
2020-04-05;Côte d'Ivoire;CI;Workplaces;-7%
2020-04-05;Côte d'Ivoire;CI;Residential;+14%
2020-04-05;Chile;CL;Retail & recreation;-69%
2020-04-05;Chile;CL;Grocery & pharmacy;-49%
2020-04-05;Chile;CL;Parks;-70%
2020-04-05;Chile;CL;Transit stations;-59%
2020-04-05;Chile;CL;Workplaces;-42%
2020-04-05;Chile;CL;Residential;+20%
2020-04-05;Cameroon;CM;Retail & recreation;-27%
2020-04-05;Cameroon;CM;Grocery & pharmacy;-18%
2020-04-05;Cameroon;CM;Parks;-22%
2020-04-05;Cameroon;CM;Transit stations;-25%
2020-04-05;Cameroon;CM;Workplaces;-2%
2020-04-05;Cameroon;CM;Residential;+10%
2020-04-05;Colombia;CO;Retail & recreation;-85%
2020-04-05;Colombia;CO;Grocery & pharmacy;-66%
2020-04-05;Colombia;CO;Parks;-79%
2020-04-05;Colombia;CO;Transit stations;-81%
2020-04-05;Colombia;CO;Workplaces;-57%
2020-04-05;Colombia;CO;Residential;+26%
2020-04-05;Costa Rica;CR;Retail & recreation;-74%
2020-04-05;Costa Rica;CR;Grocery & pharmacy;-41%
2020-04-05;Costa Rica;CR;Parks;-74%
2020-04-05;Costa Rica;CR;Transit stations;-70%
2020-04-05;Costa Rica;CR;Workplaces;-43%
2020-04-05;Costa Rica;CR;Residential;+21%
2020-04-05;Cape Verde;CV;Retail & recreation;-63%
2020-04-05;Cape Verde;CV;Grocery & pharmacy;-48%
2020-04-05;Cape Verde;CV;Parks;-55%
2020-04-05;Cape Verde;CV;Transit stations;-87%
2020-04-05;Cape Verde;CV;Workplaces;-34%
2020-04-05;Cape Verde;CV;Residential ;+30%
2020-04-05;Czechia;CZ;Retail & recreation;-63%
2020-04-05;Czechia;CZ;Grocery & pharmacy;-13%
2020-04-05;Czechia;CZ;Parks;+45%
2020-04-05;Czechia;CZ;Transit stations;-46%
2020-04-05;Czechia;CZ;Workplaces;-27%
2020-04-05;Czechia;CZ;Residential;+7%
2020-04-05;Germany;DE;Retail & recreation;-58%
2020-04-05;Germany;DE;Grocery & pharmacy;-13%
2020-04-05;Germany;DE;Parks;+61%
2020-04-05;Germany;DE;Transit stations;-47%
2020-04-05;Germany;DE;Workplaces;-30%
2020-04-05;Germany;DE;Residential;+8%
2020-04-05;Denmark;DK;Retail & recreation;-22%
2020-04-05;Denmark;DK;Grocery & pharmacy;-12%
2020-04-05;Denmark;DK;Parks;+118%
2020-04-05;Denmark;DK;Transit stations;-49%
2020-04-05;Denmark;DK;Workplaces;-23%
2020-04-05;Denmark;DK;Residential;+7%
2020-04-05;Dominican Republic;DO;Retail & recreation;-78%
2020-04-05;Dominican Republic;DO;Grocery & pharmacy;-60%
2020-04-05;Dominican Republic;DO;Parks;-71%
2020-04-05;Dominican Republic;DO;Transit stations;-83%
2020-04-05;Dominican Republic;DO;Workplaces;-53%
2020-04-05;Dominican Republic;DO;Residential;+22%
2020-04-05;Ecuador;EC;Retail & recreation;-82%
2020-04-05;Ecuador;EC;Grocery & pharmacy;-64%
2020-04-05;Ecuador;EC;Parks;-78%
2020-04-05;Ecuador;EC;Transit stations;-78%
2020-04-05;Ecuador;EC;Workplaces;-59%
2020-04-05;Ecuador;EC;Residential;+25%
2020-04-05;Estonia;EE;Retail & recreation;-54%
2020-04-05;Estonia;EE;Grocery & pharmacy;-22%
2020-04-05;Estonia;EE;Parks;+49%
2020-04-05;Estonia;EE;Transit stations;-43%
2020-04-05;Estonia;EE;Workplaces;-31%
2020-04-05;Estonia;EE;Residential;+8%
2020-04-05;Egypt;EG;Retail & recreation;-46%
2020-04-05;Egypt;EG;Grocery & pharmacy;-11%
2020-04-05;Egypt;EG;Parks;-36%
2020-04-05;Egypt;EG;Transit stations;-51%
2020-04-05;Egypt;EG;Workplaces;-35%
2020-04-05;Egypt;EG;Residential;+15%
2020-04-05;Spain;ES;Retail & recreation;-94%
2020-04-05;Spain;ES;Grocery & pharmacy;-77%
2020-04-05;Spain;ES;Parks;-90%
2020-04-05;Spain;ES;Transit stations;-89%
2020-04-05;Spain;ES;Workplaces;-68%
2020-04-05;Spain;ES;Residential;+23%
2020-04-05;Finland;FI;Retail & recreation;-47%
2020-04-05;Finland;FI;Grocery & pharmacy;-13%
2020-04-05;Finland;FI;Parks;+73%
2020-04-05;Finland;FI;Transit stations;-57%
2020-04-05;Finland;FI;Workplaces;-25%
2020-04-05;Finland;FI;Residential;+8%
2020-04-05;Fiji;FJ;Retail & recreation;-52%
2020-04-05;Fiji;FJ;Grocery & pharmacy;-33%
2020-04-05;Fiji;FJ;Parks;-28%
2020-04-05;Fiji;FJ;Transit stations;-66%
2020-04-05;Fiji;FJ;Workplaces;-17%
2020-04-05;Fiji;FJ;Residential;+18%
2020-04-05;France;FR;Retail & recreation;-85%
2020-04-05;France;FR;Grocery & pharmacy;-62%
2020-04-05;France;FR;Parks;-73%
2020-04-05;France;FR;Transit stations;-82%
2020-04-05;France;FR;Workplaces;-53%
2020-04-05;France;FR;Residential;+17%
2020-04-05;Gabon;GA;Retail & recreation;-37%
2020-04-05;Gabon;GA;Grocery & pharmacy;-24%
2020-04-05;Gabon;GA;Parks;-21%
2020-04-05;Gabon;GA;Transit stations;-41%
2020-04-05;Gabon;GA;Workplaces;-10%
2020-04-05;Gabon;GA;Residential;+13%
2020-04-05;United Kingdom;GB;Retail & recreation;-82%
2020-04-05;United Kingdom;GB;Grocery & pharmacy;-41%
2020-04-05;United Kingdom;GB;Parks;-29%
2020-04-05;United Kingdom;GB;Transit stations;-70%
2020-04-05;United Kingdom;GB;Workplaces;-54%
2020-04-05;United Kingdom;GB;Residential;+15%
2020-04-05;Georgia;GE;Retail & recreation;-68%
2020-04-05;Georgia;GE;Grocery & pharmacy;-36%
2020-04-05;Georgia;GE;Parks;-23%
2020-04-05;Georgia;GE;Transit stations;-56%
2020-04-05;Georgia;GE;Workplaces;-43%
2020-04-05;Georgia;GE;Residential;+14%
2020-04-05;Ghana;GH;Retail & recreation;-52%
2020-04-05;Ghana;GH;Grocery & pharmacy;-40%
2020-04-05;Ghana;GH;Parks;-33%
2020-04-05;Ghana;GH;Transit stations;-58%
2020-04-05;Ghana;GH;Workplaces;-13%
2020-04-05;Ghana;GH;Residential;+20%
2020-04-05;Greece;GR;Retail & recreation;-85%
2020-04-05;Greece;GR;Grocery & pharmacy;-45%
2020-04-05;Greece;GR;Parks;-70%
2020-04-05;Greece;GR;Transit stations;-80%
2020-04-05;Greece;GR;Workplaces;-55%
2020-04-05;Greece;GR;Residential;+21%
2020-04-05;Guatemala;GT;Retail & recreation;-63%
2020-04-05;Guatemala;GT;Grocery & pharmacy;-33%
2020-04-05;Guatemala;GT;Parks;-51%
2020-04-05;Guatemala;GT;Transit stations;-64%
2020-04-05;Guatemala;GT;Workplaces;-33%
2020-04-05;Guatemala;GT;Residential;+17%
2020-04-05;Guinea-Bissau;GW;Retail & recreation;-64%
2020-04-05;Guinea-Bissau;GW;Grocery & pharmacy ;-17%
2020-04-05;Guinea-Bissau;GW;Parks ;-30%
2020-04-05;Guinea-Bissau;GW;Transit stations ;Not enough data for this date
2020-04-05;Guinea-Bissau;GW;Workplaces;-25%
2020-04-05;Guinea-Bissau;GW;Residential ;Not enough data for this date
2020-04-05;Hong Kong;HK;Retail & recreation;-37%
2020-04-05;Hong Kong;HK;Grocery & pharmacy;-16%
2020-04-05;Hong Kong;HK;Parks;-52%
2020-04-05;Hong Kong;HK;Transit stations;-47%
2020-04-05;Hong Kong;HK;Workplaces;-27%
2020-04-05;Hong Kong;HK;Residential;+17%
2020-04-05;Honduras;HN;Retail & recreation;-88%
2020-04-05;Honduras;HN;Grocery & pharmacy;-83%
2020-04-05;Honduras;HN;Parks;-66%
2020-04-05;Honduras;HN;Transit stations;-84%
2020-04-05;Honduras;HN;Workplaces;-56%
2020-04-05;Honduras;HN;Residential;+22%
2020-04-05;Croatia;HR;Retail & recreation;-76%
2020-04-05;Croatia;HR;Grocery & pharmacy;-44%
2020-04-05;Croatia;HR;Parks;-30%
2020-04-05;Croatia;HR;Transit stations;-66%
2020-04-05;Croatia;HR;Workplaces;-46%
2020-04-05;Croatia;HR;Residential;+13%
2020-04-05;Haiti;HT;Retail & recreation;-34%
2020-04-05;Haiti;HT;Grocery & pharmacy;-35%
2020-04-05;Haiti;HT;Parks;-17%
2020-04-05;Haiti;HT;Transit stations;-51%
2020-04-05;Haiti;HT;Workplaces;-12%
2020-04-05;Haiti;HT;Residential;+7%
2020-04-05;Hungary;HU;Retail & recreation;-54%
2020-04-05;Hungary;HU;Grocery & pharmacy;-27%
2020-04-05;Hungary;HU;Parks;+20%
2020-04-05;Hungary;HU;Transit stations;-44%
2020-04-05;Hungary;HU;Workplaces;-29%
2020-04-05;Hungary;HU;Residential;+8%
2020-04-05;Indonesia;ID;Retail & recreation;-43%
2020-04-05;Indonesia;ID;Grocery & pharmacy;-24%
2020-04-05;Indonesia;ID;Parks;-50%
2020-04-05;Indonesia;ID;Transit stations;-58%
2020-04-05;Indonesia;ID;Workplaces;-17%
2020-04-05;Indonesia;ID;Residential;+14%
2020-04-05;Ireland;IE;Retail & recreation;-81%
2020-04-05;Ireland;IE;Grocery & pharmacy;-33%
2020-04-05;Ireland;IE;Parks;-59%
2020-04-05;Ireland;IE;Transit stations;-79%
2020-04-05;Ireland;IE;Workplaces;-52%
2020-04-05;Ireland;IE;Residential;+20%
2020-04-05;Israel;IL;Retail & recreation;-75%
2020-04-05;Israel;IL;Grocery & pharmacy;+6%
2020-04-05;Israel;IL;Parks;-52%
2020-04-05;Israel;IL;Transit stations;-57%
2020-04-05;Israel;IL;Workplaces;-60%
2020-04-05;Israel;IL;Residential;+30%
2020-04-05;India;IN;Retail & recreation;-77%
2020-04-05;India;IN;Grocery & pharmacy;-65%
2020-04-05;India;IN;Parks;-56%
2020-04-05;India;IN;Transit stations;-71%
2020-04-05;India;IN;Workplaces;-43%
2020-04-05;India;IN;Residential;+21%
2020-04-05;Iraq;IQ;Retail & recreation;-65%
2020-04-05;Iraq;IQ;Grocery & pharmacy;-43%
2020-04-05;Iraq;IQ;Parks;-47%
2020-04-05;Iraq;IQ;Transit stations;-62%
2020-04-05;Iraq;IQ;Workplaces;-55%
2020-04-05;Iraq;IQ;Residential;+21%
2020-04-05;Italy;IT;Retail & recreation;-95%
2020-04-05;Italy;IT;Grocery & pharmacy;-82%
2020-04-05;Italy;IT;Parks;-90%
2020-04-05;Italy;IT;Transit stations;-86%
2020-04-05;Italy;IT;Workplaces;-62%
2020-04-05;Italy;IT;Residential;+24%
2020-04-05;Jamaica;JM;Retail & recreation;-58%
2020-04-05;Jamaica;JM;Grocery & pharmacy;-39%
2020-04-05;Jamaica;JM;Parks;-54%
2020-04-05;Jamaica;JM;Transit stations;-55%
2020-04-05;Jamaica;JM;Workplaces;-33%
2020-04-05;Jamaica;JM;Residential;+13%
2020-04-05;Jordan;JO;Retail & recreation;-69%
2020-04-05;Jordan;JO;Grocery & pharmacy;-44%
2020-04-05;Jordan;JO;Parks;-56%
2020-04-05;Jordan;JO;Transit stations;-88%
2020-04-05;Jordan;JO;Workplaces;-70%
2020-04-05;Jordan;JO;Residential;+27%
2020-04-05;Japan;JP;Retail & recreation;-25%
2020-04-05;Japan;JP;Grocery & pharmacy;+2%
2020-04-05;Japan;JP;Parks;+3%
2020-04-05;Japan;JP;Transit stations;-43%
2020-04-05;Japan;JP;Workplaces;-13%
2020-04-05;Japan;JP;Residential;+8%
2020-04-05;Kenya;KE;Retail & recreation;-43%
2020-04-05;Kenya;KE;Grocery & pharmacy;-29%
2020-04-05;Kenya;KE;Parks;-19%
2020-04-05;Kenya;KE;Transit stations;-37%
2020-04-05;Kenya;KE;Workplaces;-20%
2020-04-05;Kenya;KE;Residential;+17%
2020-04-05;Kyrgyzstan;KG;Retail & recreation;-76%
2020-04-05;Kyrgyzstan;KG;Grocery & pharmacy;-67%
2020-04-05;Kyrgyzstan;KG;Parks;-35%
2020-04-05;Kyrgyzstan;KG;Transit stations;-75%
2020-04-05;Kyrgyzstan;KG;Workplaces;-46%
2020-04-05;Kyrgyzstan;KG;Residential;+16%
2020-04-05;Cambodia;KH;Retail & recreation;-41%
2020-04-05;Cambodia;KH;Grocery & pharmacy;-27%
2020-04-05;Cambodia;KH;Parks;-30%
2020-04-05;Cambodia;KH;Transit stations;-58%
2020-04-05;Cambodia;KH;Workplaces;-20%
2020-04-05;Cambodia;KH;Residential;+11%
2020-04-05;South Korea;KR;Retail & recreation;-17%
2020-04-05;South Korea;KR;Grocery & pharmacy;+14%
2020-04-05;South Korea;KR;Parks;+46%
2020-04-05;South Korea;KR;Transit stations;-14%
2020-04-05;South Korea;KR;Workplaces;-13%
2020-04-05;South Korea;KR;Residential;+6%
2020-04-05;Kuwait;KW;Retail & recreation;-59%
2020-04-05;Kuwait;KW;Grocery & pharmacy;-33%
2020-04-05;Kuwait;KW;Parks;-51%
2020-04-05;Kuwait;KW;Transit stations;-52%
2020-04-05;Kuwait;KW;Workplaces;-48%
2020-04-05;Kuwait;KW;Residential;+25%
2020-04-05;Kazakhstan;KZ;Retail & recreation;-62%
2020-04-05;Kazakhstan;KZ;Grocery & pharmacy;-43%
2020-04-05;Kazakhstan;KZ;Parks;-30%
2020-04-05;Kazakhstan;KZ;Transit stations;-47%
2020-04-05;Kazakhstan;KZ;Workplaces;-36%
2020-04-05;Kazakhstan;KZ;Residential;+12%
2020-04-05;Laos;LA;Retail & recreation;-59%
2020-04-05;Laos;LA;Grocery & pharmacy;-41%
2020-04-05;Laos;LA;Parks;-23%
2020-04-05;Laos;LA;Transit stations;-67%
2020-04-05;Laos;LA;Workplaces;-19%
2020-04-05;Laos;LA;Residential;+15%
2020-04-05;Lebanon;LB;Retail & recreation;-68%
2020-04-05;Lebanon;LB;Grocery & pharmacy;-39%
2020-04-05;Lebanon;LB;Parks;-47%
2020-04-05;Lebanon;LB;Transit stations;-81%
2020-04-05;Lebanon;LB;Workplaces;-37%
2020-04-05;Lebanon;LB;Residential;+13%
2020-04-05;Liechtenstein;LI;Retail & recreation;-74%
2020-04-05;Liechtenstein;LI;Grocery & pharmacy;-18%
2020-04-05;Liechtenstein;LI;Parks ;Not enough data for this date
2020-04-05;Liechtenstein;LI;Transit stations ;-33%
2020-04-05;Liechtenstein;LI;Workplaces ;-37%
2020-04-05;Liechtenstein;LI;Residential ;Not enough data for this date
2020-04-05;Sri Lanka;LK;Retail & recreation;-84%
2020-04-05;Sri Lanka;LK;Grocery & pharmacy;-84%
2020-04-05;Sri Lanka;LK;Parks;-55%
2020-04-05;Sri Lanka;LK;Transit stations;-77%
2020-04-05;Sri Lanka;LK;Workplaces;-45%
2020-04-05;Sri Lanka;LK;Residential;+31%
2020-04-05;Lithuania;LT;Retail & recreation;-63%
2020-04-05;Lithuania;LT;Grocery & pharmacy;-26%
2020-04-05;Lithuania;LT;Parks;+63%
2020-04-05;Lithuania;LT;Transit stations;-49%
2020-04-05;Lithuania;LT;Workplaces;-28%
2020-04-05;Lithuania;LT;Residential;+8%
2020-04-05;Luxembourg;LU;Retail & recreation;-85%
2020-04-05;Luxembourg;LU;Grocery & pharmacy;-78%
2020-04-05;Luxembourg;LU;Parks;-7%
2020-04-05;Luxembourg;LU;Transit stations;-65%
2020-04-05;Luxembourg;LU;Workplaces;-57%
2020-04-05;Luxembourg;LU;Residential;+15%
2020-04-05;Latvia;LV;Retail & recreation;-36%
2020-04-05;Latvia;LV;Grocery & pharmacy;-6%
2020-04-05;Latvia;LV;Parks;+71%
2020-04-05;Latvia;LV;Transit stations;-26%
2020-04-05;Latvia;LV;Workplaces;-24%
2020-04-05;Latvia;LV;Residential;+4%
2020-04-05;Libya;LY;Retail & recreation;-44%
2020-04-05;Libya;LY;Grocery & pharmacy;-21%
2020-04-05;Libya;LY;Parks;-27%
2020-04-05;Libya;LY;Transit stations;-49%
2020-04-05;Libya;LY;Workplaces;-35%
2020-04-05;Libya;LY;Residential;+20%
2020-04-05;Moldova;MD;Retail & recreation;-67%
2020-04-05;Moldova;MD;Grocery & pharmacy;-43%
2020-04-05;Moldova;MD;Parks;-46%
2020-04-05;Moldova;MD;Transit stations;-67%
2020-04-05;Moldova;MD;Workplaces;-37%
2020-04-05;Moldova;MD;Residential;+12%
2020-04-05;North Macedonia;MK;Retail & recreation;-78%
2020-04-05;North Macedonia;MK;Grocery & pharmacy;-41%
2020-04-05;North Macedonia;MK;Parks;-65%
2020-04-05;North Macedonia;MK;Transit stations;-75%
2020-04-05;North Macedonia;MK;Workplaces;-54%
2020-04-05;North Macedonia;MK;Residential;+19%
2020-04-05;Mali;ML;Retail & recreation;-24%
2020-04-05;Mali;ML;Grocery & pharmacy;-17%
2020-04-05;Mali;ML;Parks;-16%
2020-04-05;Mali;ML;Transit stations;-38%
2020-04-05;Mali;ML;Workplaces;+0%
2020-04-05;Mali;ML;Residential;+8%
2020-04-05;Myanmar (Burma);MM;Retail & recreation;-51%
2020-04-05;Myanmar (Burma);MM;Grocery & pharmacy;-29%
2020-04-05;Myanmar (Burma);MM;Parks;-20%
2020-04-05;Myanmar (Burma);MM;Transit stations;-41%
2020-04-05;Myanmar (Burma);MM;Workplaces;-19%
2020-04-05;Myanmar (Burma);MM;Residential;+13%
2020-04-05;Mongolia;MN;Retail & recreation;-12%
2020-04-05;Mongolia;MN;Grocery & pharmacy;+11%
2020-04-05;Mongolia;MN;Parks;+21%
2020-04-05;Mongolia;MN;Transit stations;-10%
2020-04-05;Mongolia;MN;Workplaces;-2%
2020-04-05;Mongolia;MN;Residential;-1%
2020-04-05;Malta;MT;Retail & recreation;-74%
2020-04-05;Malta;MT;Grocery & pharmacy;-32%
2020-04-05;Malta;MT;Parks;-38%
2020-04-05;Malta;MT;Transit stations;-54%
2020-04-05;Malta;MT;Workplaces;-48%
2020-04-05;Malta;MT;Residential;+18%
2020-04-05;Mauritius;MU;Retail & recreation;-91%
2020-04-05;Mauritius;MU;Grocery & pharmacy;-90%
2020-04-05;Mauritius;MU;Parks;-88%
2020-04-05;Mauritius;MU;Transit stations;-91%
2020-04-05;Mauritius;MU;Workplaces;-69%
2020-04-05;Mauritius;MU;Residential;+24%
2020-04-05;Mexico;MX;Retail & recreation;-62%
2020-04-05;Mexico;MX;Grocery & pharmacy;-19%
2020-04-05;Mexico;MX;Parks;-52%
2020-04-05;Mexico;MX;Transit stations;-51%
2020-04-05;Mexico;MX;Workplaces;-27%
2020-04-05;Mexico;MX;Residential;+13%
2020-04-05;Malaysia;MY;Retail & recreation;-81%
2020-04-05;Malaysia;MY;Grocery & pharmacy;-58%
2020-04-05;Malaysia;MY;Parks;-68%
2020-04-05;Malaysia;MY;Transit stations;-84%
2020-04-05;Malaysia;MY;Workplaces;-51%
2020-04-05;Malaysia;MY;Residential;+31%
2020-04-05;Mozambique;MZ;Retail & recreation;-32%
2020-04-05;Mozambique;MZ;Grocery & pharmacy;-17%
2020-04-05;Mozambique;MZ;Parks;-29%
2020-04-05;Mozambique;MZ;Transit stations;-34%
2020-04-05;Mozambique;MZ;Workplaces;-2%
2020-04-05;Mozambique;MZ;Residential;+12%
2020-04-05;Namibia;NA;Retail & recreation;-56%
2020-04-05;Namibia;NA;Grocery & pharmacy;-42%
2020-04-05;Namibia;NA;Parks;-36%
2020-04-05;Namibia;NA;Transit stations;-75%
2020-04-05;Namibia;NA;Workplaces;-30%
2020-04-05;Namibia;NA;Residential;+15%
2020-04-05;Niger;NE;Retail & recreation;-22%
2020-04-05;Niger;NE;Grocery & pharmacy;-15%
2020-04-05;Niger;NE;Parks;-16%
2020-04-05;Niger;NE;Transit stations;-30%
2020-04-05;Niger;NE;Workplaces;+0%
2020-04-05;Niger;NE;Residential;+8%
2020-04-05;Nigeria;NG;Retail & recreation;-49%
2020-04-05;Nigeria;NG;Grocery & pharmacy;-36%
2020-04-05;Nigeria;NG;Parks;-34%
2020-04-05;Nigeria;NG;Transit stations;-46%
2020-04-05;Nigeria;NG;Workplaces;-14%
2020-04-05;Nigeria;NG;Residential;+19%
2020-04-05;Nicaragua;NI;Retail & recreation;-40%
2020-04-05;Nicaragua;NI;Grocery & pharmacy;-20%
2020-04-05;Nicaragua;NI;Parks;-25%
2020-04-05;Nicaragua;NI;Transit stations;-35%
2020-04-05;Nicaragua;NI;Workplaces;-16%
2020-04-05;Nicaragua;NI;Residential;+9%
2020-04-05;Netherlands;NL;Retail & recreation;-54%
2020-04-05;Netherlands;NL;Grocery & pharmacy;-16%
2020-04-05;Netherlands;NL;Parks;+41%
2020-04-05;Netherlands;NL;Transit stations;-52%
2020-04-05;Netherlands;NL;Workplaces;-29%
2020-04-05;Netherlands;NL;Residential;+8%
2020-04-05;Norway;NO;Retail & recreation;-60%
2020-04-05;Norway;NO;Grocery & pharmacy;-22%
2020-04-05;Norway;NO;Parks;+14%
2020-04-05;Norway;NO;Transit stations;-52%
2020-04-05;Norway;NO;Workplaces;-32%
2020-04-05;Norway;NO;Residential;+11%
2020-04-05;Nepal;NP;Retail & recreation;-76%
2020-04-05;Nepal;NP;Grocery & pharmacy;-68%
2020-04-05;Nepal;NP;Parks;-54%
2020-04-05;Nepal;NP;Transit stations;-73%
2020-04-05;Nepal;NP;Workplaces;-69%
2020-04-05;Nepal;NP;Residential;+27%
2020-04-05;New Zealand;NZ;Retail & recreation;-90%
2020-04-05;New Zealand;NZ;Grocery & pharmacy;-48%
2020-04-05;New Zealand;NZ;Parks;-74%
2020-04-05;New Zealand;NZ;Transit stations;-84%
2020-04-05;New Zealand;NZ;Workplaces;-57%
2020-04-05;New Zealand;NZ;Residential;+21%
2020-04-05;Oman;OM;Retail & recreation;-55%
2020-04-05;Oman;OM;Grocery & pharmacy;-38%
2020-04-05;Oman;OM;Parks;-42%
2020-04-05;Oman;OM;Transit stations;-69%
2020-04-05;Oman;OM;Workplaces;-42%
2020-04-05;Oman;OM;Residential;+19%
2020-04-05;Panama;PA;Retail & recreation;-95%
2020-04-05;Panama;PA;Grocery & pharmacy;-95%
2020-04-05;Panama;PA;Parks;-86%
2020-04-05;Panama;PA;Transit stations;-89%
2020-04-05;Panama;PA;Workplaces;-74%
2020-04-05;Panama;PA;Residential;+36%
2020-04-05;Peru;PE;Retail & recreation;-95%
2020-04-05;Peru;PE;Grocery & pharmacy;-95%
2020-04-05;Peru;PE;Parks;-89%
2020-04-05;Peru;PE;Transit stations;-93%
2020-04-05;Peru;PE;Workplaces;-75%
2020-04-05;Peru;PE;Residential;+34%
2020-04-05;Papua New Guinea;PG;Retail & recreation;-19%
2020-04-05;Papua New Guinea;PG;Grocery & pharmacy;-6%
2020-04-05;Papua New Guinea;PG;Parks;-13%
2020-04-05;Papua New Guinea;PG;Transit stations;-42%
2020-04-05;Papua New Guinea;PG;Workplaces;+12%
2020-04-05;Papua New Guinea;PG;Residential ;+9%
2020-04-05;Philippines;PH;Retail & recreation;-82%
2020-04-05;Philippines;PH;Grocery & pharmacy;-62%
2020-04-05;Philippines;PH;Parks;-60%
2020-04-05;Philippines;PH;Transit stations;-84%
2020-04-05;Philippines;PH;Workplaces;-54%
2020-04-05;Philippines;PH;Residential;+26%
2020-04-05;Pakistan;PK;Retail & recreation;-65%
2020-04-05;Pakistan;PK;Grocery & pharmacy;-51%
2020-04-05;Pakistan;PK;Parks;-41%
2020-04-05;Pakistan;PK;Transit stations;-57%
2020-04-05;Pakistan;PK;Workplaces;-34%
2020-04-05;Pakistan;PK;Residential;+15%
2020-04-05;Poland;PL;Retail & recreation;-71%
2020-04-05;Poland;PL;Grocery & pharmacy;+41%
2020-04-05;Poland;PL;Parks;-59%
2020-04-05;Poland;PL;Transit stations;-68%
2020-04-05;Poland;PL;Workplaces;-27%
2020-04-05;Poland;PL;Residential;+12%
2020-04-05;Puerto Rico;PR;Retail & recreation;-93%
2020-04-05;Puerto Rico;PR;Grocery & pharmacy;-95%
2020-04-05;Puerto Rico;PR;Parks;-87%
2020-04-05;Puerto Rico;PR;Transit stations;-88%
2020-04-05;Puerto Rico;PR;Workplaces;-66%
2020-04-05;Puerto Rico;PR;Residential;+26%
2020-04-05;Portugal;PT;Retail & recreation;-84%
2020-04-05;Portugal;PT;Grocery & pharmacy;-60%
2020-04-05;Portugal;PT;Parks;-88%
2020-04-05;Portugal;PT;Transit stations;-82%
2020-04-05;Portugal;PT;Workplaces;-55%
2020-04-05;Portugal;PT;Residential;+23%
2020-04-05;Paraguay;PY;Retail & recreation;-73%
2020-04-05;Paraguay;PY;Grocery & pharmacy;-57%
2020-04-05;Paraguay;PY;Parks;-75%
2020-04-05;Paraguay;PY;Transit stations;-80%
2020-04-05;Paraguay;PY;Workplaces;-34%
2020-04-05;Paraguay;PY;Residential;+26%
2020-04-05;Qatar;QA;Retail & recreation;-50%
2020-04-05;Qatar;QA;Grocery & pharmacy;-21%
2020-04-05;Qatar;QA;Parks;-35%
2020-04-05;Qatar;QA;Transit stations;-52%
2020-04-05;Qatar;QA;Workplaces;-36%
2020-04-05;Qatar;QA;Residential;+24%
2020-04-05;Réunion;RE;Retail & recreation;-95%
2020-04-05;Réunion;RE;Grocery & pharmacy;-89%
2020-04-05;Réunion;RE;Parks ;-93%
2020-04-05;Réunion;RE;Transit stations;-91%
2020-04-05;Réunion;RE;Workplaces ;-55%
2020-04-05;Réunion;RE;Residential ;Not enough data for this date
2020-04-05;Romania;RO;Retail & recreation;-79%
2020-04-05;Romania;RO;Grocery & pharmacy;-48%
2020-04-05;Romania;RO;Parks;-58%
2020-04-05;Romania;RO;Transit stations;-72%
2020-04-05;Romania;RO;Workplaces;-39%
2020-04-05;Romania;RO;Residential;+15%
2020-04-05;Rwanda;RW;Retail & recreation;-60%
2020-04-05;Rwanda;RW;Grocery & pharmacy;-54%
2020-04-05;Rwanda;RW;Parks;-18%
2020-04-05;Rwanda;RW;Transit stations;-75%
2020-04-05;Rwanda;RW;Workplaces;-26%
2020-04-05;Rwanda;RW;Residential;+21%
2020-04-05;Saudi Arabia;SA;Retail & recreation;-55%
2020-04-05;Saudi Arabia;SA;Grocery & pharmacy;-24%
2020-04-05;Saudi Arabia;SA;Parks;-52%
2020-04-05;Saudi Arabia;SA;Transit stations;-76%
2020-04-05;Saudi Arabia;SA;Workplaces;-47%
2020-04-05;Saudi Arabia;SA;Residential;+23%
2020-04-05;Sweden;SE;Retail & recreation;-25%
2020-04-05;Sweden;SE;Grocery & pharmacy;-9%
2020-04-05;Sweden;SE;Parks;+69%
2020-04-05;Sweden;SE;Transit stations;-37%
2020-04-05;Sweden;SE;Workplaces;-18%
2020-04-05;Sweden;SE;Residential;+6%
2020-04-05;Singapore;SG;Retail & recreation;-23%
2020-04-05;Singapore;SG;Grocery & pharmacy;-1%
2020-04-05;Singapore;SG;Parks;-27%
2020-04-05;Singapore;SG;Transit stations;-40%
2020-04-05;Singapore;SG;Workplaces;-10%
2020-04-05;Singapore;SG;Residential;+14%
2020-04-05;Slovenia;SI;Retail & recreation;-86%
2020-04-05;Slovenia;SI;Grocery & pharmacy;-91%
2020-04-05;Slovenia;SI;Parks;-34%
2020-04-05;Slovenia;SI;Transit stations;-51%
2020-04-05;Slovenia;SI;Workplaces;-45%
2020-04-05;Slovenia;SI;Residential;+13%
2020-04-05;Slovakia;SK;Retail & recreation;-77%
2020-04-05;Slovakia;SK;Grocery & pharmacy;-88%
2020-04-05;Slovakia;SK;Parks;+26%
2020-04-05;Slovakia;SK;Transit stations;-55%
2020-04-05;Slovakia;SK;Workplaces;-36%
2020-04-05;Slovakia;SK;Residential;+8%
2020-04-05;Senegal;SN;Retail & recreation;-43%
2020-04-05;Senegal;SN;Grocery & pharmacy;-31%
2020-04-05;Senegal;SN;Parks;-27%
2020-04-05;Senegal;SN;Transit stations;-50%
2020-04-05;Senegal;SN;Workplaces;-9%
2020-04-05;Senegal;SN;Residential;+12%
2020-04-05;El Salvador;SV;Retail & recreation;-78%
2020-04-05;El Salvador;SV;Grocery & pharmacy;-58%
2020-04-05;El Salvador;SV;Parks;-70%
2020-04-05;El Salvador;SV;Transit stations;-70%
2020-04-05;El Salvador;SV;Workplaces;-48%
2020-04-05;El Salvador;SV;Residential;+22%
2020-04-05;Togo;TG;Retail & recreation;-42%
2020-04-05;Togo;TG;Grocery & pharmacy;-31%
2020-04-05;Togo;TG;Parks;-27%
2020-04-05;Togo;TG;Transit stations;-53%
2020-04-05;Togo;TG;Workplaces;-11%
2020-04-05;Togo;TG;Residential;+17%
2020-04-05;Thailand;TH;Retail & recreation;-54%
2020-04-05;Thailand;TH;Grocery & pharmacy;-23%
2020-04-05;Thailand;TH;Parks;-57%
2020-04-05;Thailand;TH;Transit stations;-66%
2020-04-05;Thailand;TH;Workplaces;-25%
2020-04-05;Thailand;TH;Residential;+17%
2020-04-05;Tajikistan;TJ;Retail & recreation;-6%
2020-04-05;Tajikistan;TJ;Grocery & pharmacy;-6%
2020-04-05;Tajikistan;TJ;Parks;+0%
2020-04-05;Tajikistan;TJ;Transit stations;-15%
2020-04-05;Tajikistan;TJ;Workplaces;+6%
2020-04-05;Tajikistan;TJ;Residential;-2%
2020-04-05;Turkey;TR;Retail & recreation;-76%
2020-04-05;Turkey;TR;Grocery & pharmacy;-40%
2020-04-05;Turkey;TR;Parks;-61%
2020-04-05;Turkey;TR;Transit stations;-76%
2020-04-05;Turkey;TR;Workplaces;-48%
2020-04-05;Turkey;TR;Residential;+19%
2020-04-05;Trinidad and Tobago;TT;Retail & recreation;-65%
2020-04-05;Trinidad and Tobago;TT;Grocery & pharmacy;-41%
2020-04-05;Trinidad and Tobago;TT;Parks;-67%
2020-04-05;Trinidad and Tobago;TT;Transit stations;-82%
2020-04-05;Trinidad and Tobago;TT;Workplaces;-41%
2020-04-05;Trinidad and Tobago;TT;Residential;+15%
2020-04-05;Taiwan;TW;Retail & recreation;-22%
2020-04-05;Taiwan;TW;Grocery & pharmacy;-7%
2020-04-05;Taiwan;TW;Parks;-12%
2020-04-05;Taiwan;TW;Transit stations;-28%
2020-04-05;Taiwan;TW;Workplaces;-9%
2020-04-05;Taiwan;TW;Residential;+6%
2020-04-05;Tanzania;TZ;Retail & recreation;-20%
2020-04-05;Tanzania;TZ;Grocery & pharmacy;-12%
2020-04-05;Tanzania;TZ;Parks;-13%
2020-04-05;Tanzania;TZ;Transit stations;-15%
2020-04-05;Tanzania;TZ;Workplaces;-12%
2020-04-05;Tanzania;TZ;Residential;+5%
2020-04-05;Uganda;UG;Retail & recreation;-64%
2020-04-05;Uganda;UG;Grocery & pharmacy;-55%
2020-04-05;Uganda;UG;Parks;-20%
2020-04-05;Uganda;UG;Transit stations;-69%
2020-04-05;Uganda;UG;Workplaces;-31%
2020-04-05;Uganda;UG;Residential;+24%
2020-04-05;Alabama;US;Retail & recreation;-50%
2020-04-05;Alabama;US;Grocery & pharmacy;-18%
2020-04-05;Alabama;US;Parks;-1%
2020-04-05;Alabama;US;Transit stations;-40%
2020-04-05;Alabama;US;Workplaces;-36%
2020-04-05;Alabama;US;Residential;+12%
2020-04-05;Alaska;US;Retail & recreation;-41%
2020-04-05;Alaska;US;Grocery & pharmacy;-17%
2020-04-05;Alaska;US;Parks;+29%
2020-04-05;Alaska;US;Transit stations;-52%
2020-04-05;Alaska;US;Workplaces;-32%
2020-04-05;Alaska;US;Residential;+9%
2020-04-05;Arizona;US;Retail & recreation;-43%
2020-04-05;Arizona;US;Grocery & pharmacy;-19%
2020-04-05;Arizona;US;Parks;-23%
2020-04-05;Arizona;US;Transit stations;-47%
2020-04-05;Arizona;US;Workplaces;-37%
2020-04-05;Arizona;US;Residential;+11%
2020-04-05;Arkansas;US;Retail & recreation;-36%
2020-04-05;Arkansas;US;Grocery & pharmacy;-3%
2020-04-05;Arkansas;US;Parks;+25%
2020-04-05;Arkansas;US;Transit stations;-33%
2020-04-05;Arkansas;US;Workplaces;-29%
2020-04-05;Arkansas;US;Residential;+8%
2020-04-05;California;US;Retail & recreation;-53%
2020-04-05;California;US;Grocery & pharmacy;-27%
2020-04-05;California;US;Parks;-61%
2020-04-05;California;US;Transit stations;-59%
2020-04-05;California;US;Workplaces;-42%
2020-04-05;California;US;Residential;+16%
2020-04-05;Colorado;US;Retail & recreation;-47%
2020-04-05;Colorado;US;Grocery & pharmacy;-21%
2020-04-05;Colorado;US;Parks;+10%
2020-04-05;Colorado;US;Transit stations;-58%
2020-04-05;Colorado;US;Workplaces;-41%
2020-04-05;Colorado;US;Residential;+12%
2020-04-05;Connecticut;US;Retail & recreation;-50%
2020-04-05;Connecticut;US;Grocery & pharmacy;-26%
2020-04-05;Connecticut;US;Parks;+23%
2020-04-05;Connecticut;US;Transit stations;-61%
2020-04-05;Connecticut;US;Workplaces;-38%
2020-04-05;Connecticut;US;Residential;+13%
2020-04-05;Delaware;US;Retail & recreation;-47%
2020-04-05;Delaware;US;Grocery & pharmacy;-27%
2020-04-05;Delaware;US;Parks;+37%
2020-04-05;Delaware;US;Transit stations;-56%
2020-04-05;Delaware;US;Workplaces;-39%
2020-04-05;Delaware;US;Residential;+12%
2020-04-05;District of Columbia;US;Retail & recreation;-66%
2020-04-05;District of Columbia;US;Grocery & pharmacy;-33%
2020-04-05;District of Columbia;US;Parks;-50%
2020-04-05;District of Columbia;US;Transit stations;-71%
2020-04-05;District of Columbia;US;Workplaces;-49%
2020-04-05;District of Columbia;US;Residential;+15%
2020-04-05;Florida;US;Retail & recreation;-57%
2020-04-05;Florida;US;Grocery & pharmacy;-33%
2020-04-05;Florida;US;Parks;-70%
2020-04-05;Florida;US;Transit stations;-70%
2020-04-05;Florida;US;Workplaces;-45%
2020-04-05;Florida;US;Residential;+15%
2020-04-05;Georgia;US;Retail & recreation;-50%
2020-04-05;Georgia;US;Grocery & pharmacy;-22%
2020-04-05;Georgia;US;Parks;-13%
2020-04-05;Georgia;US;Transit stations;-59%
2020-04-05;Georgia;US;Workplaces;-42%
2020-04-05;Georgia;US;Residential;+13%
2020-04-05;Hawaii;US;Retail & recreation;-55%
2020-04-05;Hawaii;US;Grocery & pharmacy;-26%
2020-04-05;Hawaii;US;Parks;-67%
2020-04-05;Hawaii;US;Transit stations;-76%
2020-04-05;Hawaii;US;Workplaces;-46%
2020-04-05;Hawaii;US;Residential;+16%
2020-04-05;Idaho;US;Retail & recreation;-40%
2020-04-05;Idaho;US;Grocery & pharmacy;-14%
2020-04-05;Idaho;US;Parks;+30%
2020-04-05;Idaho;US;Transit stations;-36%
2020-04-05;Idaho;US;Workplaces;-39%
2020-04-05;Idaho;US;Residential;+10%
2020-04-05;Illinois;US;Retail & recreation;-50%
2020-04-05;Illinois;US;Grocery & pharmacy;-16%
2020-04-05;Illinois;US;Parks;+24%
2020-04-05;Illinois;US;Transit stations;-52%
2020-04-05;Illinois;US;Workplaces;-39%
2020-04-05;Illinois;US;Residential;+12%
2020-04-05;Indiana;US;Retail & recreation;-45%
2020-04-05;Indiana;US;Grocery & pharmacy;-17%
2020-04-05;Indiana;US;Parks;+54%
2020-04-05;Indiana;US;Transit stations;-35%
2020-04-05;Indiana;US;Workplaces;-37%
2020-04-05;Indiana;US;Residential;+10%
2020-04-05;Iowa;US;Retail & recreation;-39%
2020-04-05;Iowa;US;Grocery & pharmacy;+1%
2020-04-05;Iowa;US;Parks;+134%
2020-04-05;Iowa;US;Transit stations;-28%
2020-04-05;Iowa;US;Workplaces;-29%
2020-04-05;Iowa;US;Residential;+8%
2020-04-05;Kansas;US;Retail & recreation;-43%
2020-04-05;Kansas;US;Grocery & pharmacy;-18%
2020-04-05;Kansas;US;Parks;+25%
2020-04-05;Kansas;US;Transit stations;-30%
2020-04-05;Kansas;US;Workplaces;-34%
2020-04-05;Kansas;US;Residential;+10%
2020-04-05;Kentucky;US;Retail & recreation;-39%
2020-04-05;Kentucky;US;Grocery & pharmacy;-5%
2020-04-05;Kentucky;US;Parks;+57%
2020-04-05;Kentucky;US;Transit stations;-37%
2020-04-05;Kentucky;US;Workplaces;-36%
2020-04-05;Kentucky;US;Residential;+9%
2020-04-05;Louisiana;US;Retail & recreation;-46%
2020-04-05;Louisiana;US;Grocery & pharmacy;-10%
2020-04-05;Louisiana;US;Parks;-19%
2020-04-05;Louisiana;US;Transit stations;-54%
2020-04-05;Louisiana;US;Workplaces;-37%
2020-04-05;Louisiana;US;Residential;+12%
2020-04-05;Maine;US;Retail & recreation;-50%
2020-04-05;Maine;US;Grocery & pharmacy;-23%
2020-04-05;Maine;US;Parks;+20%
2020-04-05;Maine;US;Transit stations;-59%
2020-04-05;Maine;US;Workplaces;-34%
2020-04-05;Maine;US;Residential;+10%
2020-04-05;Maryland;US;Retail & recreation;-47%
2020-04-05;Maryland;US;Grocery & pharmacy;-25%
2020-04-05;Maryland;US;Parks;+35%
2020-04-05;Maryland;US;Transit stations;-53%
2020-04-05;Maryland;US;Workplaces;-42%
2020-04-05;Maryland;US;Residential;+14%
2020-04-05;Massachusetts;US;Retail & recreation;-53%
2020-04-05;Massachusetts;US;Grocery & pharmacy;-27%
2020-04-05;Massachusetts;US;Parks;+25%
2020-04-05;Massachusetts;US;Transit stations;-68%
2020-04-05;Massachusetts;US;Workplaces;-42%
2020-04-05;Massachusetts;US;Residential;+14%
2020-04-05;Michigan;US;Retail & recreation;-55%
2020-04-05;Michigan;US;Grocery & pharmacy;-24%
2020-04-05;Michigan;US;Parks;+92%
2020-04-05;Michigan;US;Transit stations;-53%
2020-04-05;Michigan;US;Workplaces;-44%
2020-04-05;Michigan;US;Residential;+11%
2020-04-05;Minnesota;US;Retail & recreation;-46%
2020-04-05;Minnesota;US;Grocery & pharmacy;-18%
2020-04-05;Minnesota;US;Parks;+98%
2020-04-05;Minnesota;US;Transit stations;-58%
2020-04-05;Minnesota;US;Workplaces;-37%
2020-04-05;Minnesota;US;Residential;+12%
2020-04-05;Mississippi;US;Retail & recreation;-43%
2020-04-05;Mississippi;US;Grocery & pharmacy;-14%
2020-04-05;Mississippi;US;Parks;-8%
2020-04-05;Mississippi;US;Transit stations;-37%
2020-04-05;Mississippi;US;Workplaces;-35%
2020-04-05;Mississippi;US;Residential;+11%
2020-04-05;Missouri;US;Retail & recreation;-43%
2020-04-05;Missouri;US;Grocery & pharmacy;-6%
2020-04-05;Missouri;US;Parks;+5%
2020-04-05;Missouri;US;Transit stations;-40%
2020-04-05;Missouri;US;Workplaces;-34%
2020-04-05;Missouri;US;Residential;+10%
2020-04-05;United States;US;Retail & recreation;-49%
2020-04-05;United States;US;Grocery & pharmacy;-20%
2020-04-05;United States;US;Parks;-20%
2020-04-05;United States;US;Transit stations;-54%
2020-04-05;United States;US;Workplaces;-40%
2020-04-05;United States;US;Residential;+13%
2020-04-05;Montana;US;Retail & recreation;-45%
2020-04-05;Montana;US;Grocery & pharmacy;-17%
2020-04-05;Montana;US;Parks;+23%
2020-04-05;Montana;US;Transit stations;-40%
2020-04-05;Montana;US;Workplaces;-36%
2020-04-05;Montana;US;Residential;+9%
2020-04-05;Nebraska;US;Retail & recreation;-40%
2020-04-05;Nebraska;US;Grocery & pharmacy;-8%
2020-04-05;Nebraska;US;Parks;+56%
2020-04-05;Nebraska;US;Transit stations;-25%
2020-04-05;Nebraska;US;Workplaces;-27%
2020-04-05;Nebraska;US;Residential;+9%
2020-04-05;Nevada;US;Retail & recreation;-49%
2020-04-05;Nevada;US;Grocery & pharmacy;-22%
2020-04-05;Nevada;US;Parks;-46%
2020-04-05;Nevada;US;Transit stations;-64%
2020-04-05;Nevada;US;Workplaces;-55%
2020-04-05;Nevada;US;Residential;+15%
2020-04-05;New Hampshire;US;Retail & recreation;-48%
2020-04-05;New Hampshire;US;Grocery & pharmacy;-26%
2020-04-05;New Hampshire;US;Parks;+15%
2020-04-05;New Hampshire;US;Transit stations;-57%
2020-04-05;New Hampshire;US;Workplaces;-37%
2020-04-05;New Hampshire;US;Residential;+11%
2020-04-05;New Jersey;US;Retail & recreation;-66%
2020-04-05;New Jersey;US;Grocery & pharmacy;-11%
2020-04-05;New Jersey;US;Parks;+26%
2020-04-05;New Jersey;US;Transit stations;-67%
2020-04-05;New Jersey;US;Workplaces;-45%
2020-04-05;New Jersey;US;Residential;+16%
2020-04-05;New Mexico;US;Retail & recreation;-41%
2020-04-05;New Mexico;US;Grocery & pharmacy;-11%
2020-04-05;New Mexico;US;Parks;-7%
2020-04-05;New Mexico;US;Transit stations;-33%
2020-04-05;New Mexico;US;Workplaces;-35%
2020-04-05;New Mexico;US;Residential;+10%
2020-04-05;New York;US;Retail & recreation;-59%
2020-04-05;New York;US;Grocery & pharmacy;-28%
2020-04-05;New York;US;Parks;-11%
2020-04-05;New York;US;Transit stations;-68%
2020-04-05;New York;US;Workplaces;-47%
2020-04-05;New York;US;Residential;+15%
2020-04-05;North Carolina;US;Retail & recreation;-43%
2020-04-05;North Carolina;US;Grocery & pharmacy;-14%
2020-04-05;North Carolina;US;Parks;+5%
2020-04-05;North Carolina;US;Transit stations;-55%
2020-04-05;North Carolina;US;Workplaces;-38%
2020-04-05;North Carolina;US;Residential;+11%
2020-04-05;North Dakota;US;Retail & recreation;-50%
2020-04-05;North Dakota;US;Grocery & pharmacy;-15%
2020-04-05;North Dakota;US;Parks;-2%
2020-04-05;North Dakota;US;Transit stations;-44%
2020-04-05;North Dakota;US;Workplaces;-28%
2020-04-05;North Dakota;US;Residential;+11%
2020-04-05;Ohio;US;Retail & recreation;-46%
2020-04-05;Ohio;US;Grocery & pharmacy;-18%
2020-04-05;Ohio;US;Parks;+37%
2020-04-05;Ohio;US;Transit stations;-39%
2020-04-05;Ohio;US;Workplaces;-37%
2020-04-05;Ohio;US;Residential;+11%
2020-04-05;Oklahoma;US;Retail & recreation;-41%
2020-04-05;Oklahoma;US;Grocery & pharmacy;-8%
2020-04-05;Oklahoma;US;Parks;-3%
2020-04-05;Oklahoma;US;Transit stations;-30%
2020-04-05;Oklahoma;US;Workplaces;-35%
2020-04-05;Oklahoma;US;Residential;+10%
2020-04-05;Oregon;US;Retail & recreation;-46%
2020-04-05;Oregon;US;Grocery & pharmacy;-18%
2020-04-05;Oregon;US;Parks;-1%
2020-04-05;Oregon;US;Transit stations;-44%
2020-04-05;Oregon;US;Workplaces;-39%
2020-04-05;Oregon;US;Residential;+11%
2020-04-05;Pennsylvania;US;Retail & recreation;-50%
2020-04-05;Pennsylvania;US;Grocery & pharmacy;-24%
2020-04-05;Pennsylvania;US;Parks;+52%
2020-04-05;Pennsylvania;US;Transit stations;-51%
2020-04-05;Pennsylvania;US;Workplaces;-39%
2020-04-05;Pennsylvania;US;Residential;+12%
2020-04-05;Rhode Island;US;Retail & recreation;-50%
2020-04-05;Rhode Island;US;Grocery & pharmacy;-25%
2020-04-05;Rhode Island;US;Parks;+4%
2020-04-05;Rhode Island;US;Transit stations;-59%
2020-04-05;Rhode Island;US;Workplaces;-37%
2020-04-05;Rhode Island;US;Residential;+13%
2020-04-05;South Carolina;US;Retail & recreation;-42%
2020-04-05;South Carolina;US;Grocery & pharmacy;-11%
2020-04-05;South Carolina;US;Parks;-24%
2020-04-05;South Carolina;US;Transit stations;-41%
2020-04-05;South Carolina;US;Workplaces;-38%
2020-04-05;South Carolina;US;Residential;+10%
2020-04-05;South Dakota;US;Retail & recreation;-38%
2020-04-05;South Dakota;US;Grocery & pharmacy;-3%
2020-04-05;South Dakota;US;Parks;+81%
2020-04-05;South Dakota;US;Transit stations;-36%
2020-04-05;South Dakota;US;Workplaces;-29%
2020-04-05;South Dakota;US;Residential;+9%
2020-04-05;Tennessee;US;Retail & recreation;-43%
2020-04-05;Tennessee;US;Grocery & pharmacy;-9%
2020-04-05;Tennessee;US;Parks;+2%
2020-04-05;Tennessee;US;Transit stations;-42%
2020-04-05;Tennessee;US;Workplaces;-38%
2020-04-05;Tennessee;US;Residential;+10%
2020-04-05;Texas;US;Retail & recreation;-48%
2020-04-05;Texas;US;Grocery & pharmacy;-23%
2020-04-05;Texas;US;Parks;-47%
2020-04-05;Texas;US;Transit stations;-53%
2020-04-05;Texas;US;Workplaces;-39%
2020-04-05;Texas;US;Residential;+14%
2020-04-05;Utah;US;Retail & recreation;-42%
2020-04-05;Utah;US;Grocery & pharmacy;-13%
2020-04-05;Utah;US;Parks;+16%
2020-04-05;Utah;US;Transit stations;-49%
2020-04-05;Utah;US;Workplaces;-43%
2020-04-05;Utah;US;Residential;+10%
2020-04-05;Vermont;US;Retail & recreation;-58%
2020-04-05;Vermont;US;Grocery & pharmacy;-34%
2020-04-05;Vermont;US;Parks;-1%
2020-04-05;Vermont;US;Transit stations;-69%
2020-04-05;Vermont;US;Workplaces;-42%
2020-04-05;Vermont;US;Residential;+11%
2020-04-05;Virginia;US;Retail & recreation;-44%
2020-04-05;Virginia;US;Grocery & pharmacy;-18%
2020-04-05;Virginia;US;Parks;+21%
2020-04-05;Virginia;US;Transit stations;-56%
2020-04-05;Virginia;US;Workplaces;-39%
2020-04-05;Virginia;US;Residential;+12%
2020-04-05;Washington;US;Retail & recreation;-46%
2020-04-05;Washington;US;Grocery & pharmacy;-21%
2020-04-05;Washington;US;Parks;-11%
2020-04-05;Washington;US;Transit stations;-56%
2020-04-05;Washington;US;Workplaces;-42%
2020-04-05;Washington;US;Residential;+12%
2020-04-05;West Virginia;US;Retail & recreation;-40%
2020-04-05;West Virginia;US;Grocery & pharmacy;-8%
2020-04-05;West Virginia;US;Parks;+28%
2020-04-05;West Virginia;US;Transit stations;-36%
2020-04-05;West Virginia;US;Workplaces;-33%
2020-04-05;West Virginia;US;Residential;+8%
2020-04-05;Wisconsin;US;Retail & recreation;-47%
2020-04-05;Wisconsin;US;Grocery & pharmacy;-18%
2020-04-05;Wisconsin;US;Parks;+124%
2020-04-05;Wisconsin;US;Transit stations;-40%
2020-04-05;Wisconsin;US;Workplaces;-33%
2020-04-05;Wisconsin;US;Residential;+10%
2020-04-05;Wyoming;US;Retail & recreation;-39%
2020-04-05;Wyoming;US;Grocery & pharmacy;-11%
2020-04-05;Wyoming;US;Parks;+22%
2020-04-05;Wyoming;US;Transit stations;-21%
2020-04-05;Wyoming;US;Workplaces;-31%
2020-04-05;Wyoming;US;Residential;+9%
2020-04-05;Uruguay;UY;Retail & recreation;-71%
2020-04-05;Uruguay;UY;Grocery & pharmacy;-36%
2020-04-05;Uruguay;UY;Parks;-79%
2020-04-05;Uruguay;UY;Transit stations;-68%
2020-04-05;Uruguay;UY;Workplaces;-35%
2020-04-05;Uruguay;UY;Residential;+21%
2020-04-05;Venezuela;VE;Retail & recreation;-65%
2020-04-05;Venezuela;VE;Grocery & pharmacy;-48%
2020-04-05;Venezuela;VE;Parks;-58%
2020-04-05;Venezuela;VE;Transit stations;-65%
2020-04-05;Venezuela;VE;Workplaces;-29%
2020-04-05;Venezuela;VE;Residential;+15%
2020-04-05;Vietnam;VN;Retail & recreation;-67%
2020-04-05;Vietnam;VN;Grocery & pharmacy;-44%
2020-04-05;Vietnam;VN;Parks;-47%
2020-04-05;Vietnam;VN;Transit stations;-67%
2020-04-05;Vietnam;VN;Workplaces;-32%
2020-04-05;Vietnam;VN;Residential;+22%
2020-04-05;Yemen;YE;Retail & recreation;-5%
2020-04-05;Yemen;YE;Grocery & pharmacy;+2%
2020-04-05;Yemen;YE;Parks;-6%
2020-04-05;Yemen;YE;Transit stations;-12%
2020-04-05;Yemen;YE;Workplaces;-7%
2020-04-05;Yemen;YE;Residential;+4%
2020-04-05;South Africa;ZA;Retail & recreation;-76%
2020-04-05;South Africa;ZA;Grocery & pharmacy;-51%
2020-04-05;South Africa;ZA;Parks;-53%
2020-04-05;South Africa;ZA;Transit stations;-78%
2020-04-05;South Africa;ZA;Workplaces;-44%
2020-04-05;South Africa;ZA;Residential;+22%
2020-04-05;Zambia;ZM;Retail & recreation;-24%
2020-04-05;Zambia;ZM;Grocery & pharmacy;-12%
2020-04-05;Zambia;ZM;Parks;-6%
2020-04-05;Zambia;ZM;Transit stations;-28%
2020-04-05;Zambia;ZM;Workplaces;-1%
2020-04-05;Zambia;ZM;Residential;+11%
2020-04-05;Zimbabwe;ZW;Retail & recreation;-63%
2020-04-05;Zimbabwe;ZW;Grocery & pharmacy;-53%
2020-04-05;Zimbabwe;ZW;Parks;-47%
2020-04-05;Zimbabwe;ZW;Transit stations;-77%
2020-04-05;Zimbabwe;ZW;Workplaces;-36%
2020-04-05;Zimbabwe;ZW;Residential;+32%
